identifier	protein	peptide	heavy	light	tissue
114868.1	CAPZA2	DIQDSLTVSNEVQTAK	0	0	colon
113405.2	CAPZA2	DIQDSLTVSNEVQTAK	28280	8398	colon
113405.1	CAPZA2	DIQDSLTVSNEVQTAK	123095	57559	colon
113413.1	CAPZA2	DIQDSLTVSNEVQTAK	0	0	colon
114894.3	CAPZA2	DIQDSLTVSNEVQTAK	95833	74717	colon
113401.3	CAPZA2	DIQDSLTVSNEVQTAK	66015	47159	colon
113401.1	CAPZA2	DIQDSLTVSNEVQTAK	704359	442086	colon
114867.3	CAPZA2	DIQDSLTVSNEVQTAK	47955	40580	colon
114868.2	CAPZA2	DIQDSLTVSNEVQTAK	18003	20009	colon
114894.2	CAPZA2	DIQDSLTVSNEVQTAK	34514	27011	colon
114867.2	CAPZA2	DIQDSLTVSNEVQTAK	4283343	6028559	colon
113412.3	CAPZA2	DIQDSLTVSNEVQTAK	265654	196599	colon
113412.2	CAPZA2	DIQDSLTVSNEVQTAK	19137	15051	colon
114890.3	CAPZA2	DIQDSLTVSNEVQTAK	1583384	996352	colon
113412.1	CAPZA2	DIQDSLTVSNEVQTAK	92460	85517	colon
114890.2	CAPZA2	DIQDSLTVSNEVQTAK	91287	63150	colon
113401.2	CAPZA2	DIQDSLTVSNEVQTAK	204898	152689	colon
114894.5	CAPZA2	DIQDSLTVSNEVQTAK	0	0	colon
113405.3	CAPZA2	DIQDSLTVSNEVQTAK	8748	6678	colon
114867.1	CAPZA2	DIQDSLTVSNEVQTAK	57360	41815	colon
115293.1	CAPZA2	DIQDSLTVSNEVQTAK	53595	36009	colon
114868.3	CAPZA2	DIQDSLTVSNEVQTAK	0	0	colon
118289.1	CAPZA2	DIQDSLTVSNEVQTAK	165724	69172	colon
118273.1	CAPZA2	DIQDSLTVSNEVQTAK	18843	13746	colon
114868.1	CRKL	TALALEVGDIVK	443502	187388	colon
113405.2	CRKL	TALALEVGDIVK	130553	63602	colon
113405.1	CRKL	TALALEVGDIVK	669123	261632	colon
113413.1	CRKL	TALALEVGDIVK	67289	36662	colon
114894.3	CRKL	TALALEVGDIVK	869970	476885	colon
113401.3	CRKL	TALALEVGDIVK	663231	362371	colon
113401.1	CRKL	TALALEVGDIVK	1862167	951410	colon
114867.3	CRKL	TALALEVGDIVK	0	0	colon
114868.2	CRKL	TALALEVGDIVK	199430	120598	colon
114894.2	CRKL	TALALEVGDIVK	261339	132459	colon
114867.2	CRKL	TALALEVGDIVK	4236170	5267621	colon
113412.3	CRKL	TALALEVGDIVK	1489216	877101	colon
113412.2	CRKL	TALALEVGDIVK	163747	72416	colon
114890.3	CRKL	TALALEVGDIVK	1786963	998459	colon
113412.1	CRKL	TALALEVGDIVK	353903	200763	colon
114890.2	CRKL	TALALEVGDIVK	647677	388207	colon
113401.2	CRKL	TALALEVGDIVK	978812	569065	colon
114894.5	CRKL	TALALEVGDIVK	9503	8114	colon
113405.3	CRKL	TALALEVGDIVK	111057	43140	colon
114867.1	CRKL	TALALEVGDIVK	472163	259288	colon
115293.1	CRKL	TALALEVGDIVK	458243	266006	colon
114868.3	CRKL	TALALEVGDIVK	8752	0	colon
118289.1	CRKL	TALALEVGDIVK	362947	123485	colon
118273.1	CRKL	TALALEVGDIVK	296851	162237	colon
114868.1	DC1L1	LYGFPYK	1773631	950027	colon
113405.2	DC1L1	LYGFPYK	312080	102325	colon
113405.1	DC1L1	LYGFPYK	2211402	973607	colon
113413.1	DC1L1	LYGFPYK	0	0	colon
114894.3	DC1L1	LYGFPYK	2831129	1725569	colon
113401.3	DC1L1	LYGFPYK	1318750	775000	colon
113401.1	DC1L1	LYGFPYK	4806349	2943232	colon
114867.3	DC1L1	LYGFPYK	2606484	1358810	colon
114868.2	DC1L1	LYGFPYK	642488	355738	colon
114894.2	DC1L1	LYGFPYK	829394	424328	colon
114867.2	DC1L1	LYGFPYK	3145876	3520036	colon
113412.3	DC1L1	LYGFPYK	4028764	2265240	colon
113412.2	DC1L1	LYGFPYK	891793	334006	colon
114890.3	DC1L1	LYGFPYK	5613587	2826797	colon
113412.1	DC1L1	LYGFPYK	3024077	1652910	colon
114890.2	DC1L1	LYGFPYK	2169273	1025815	colon
113401.2	DC1L1	LYGFPYK	2708295	1456429	colon
114894.5	DC1L1	LYGFPYK	428999	230076	colon
113405.3	DC1L1	LYGFPYK	2521852	1044470	colon
114867.1	DC1L1	LYGFPYK	1816745	860916	colon
115293.1	DC1L1	LYGFPYK	788913	462441	colon
114868.3	DC1L1	LYGFPYK	85249	22787	colon
118289.1	DC1L1	LYGFPYK	0	0	colon
118273.1	DC1L1	LYGFPYK	1023213	442587	colon
114868.1	DCTN3	ALLEGYNK	628802	363150	colon
113405.2	DCTN3	ALLEGYNK	31529	0	colon
113405.1	DCTN3	ALLEGYNK	561942	327570	colon
113413.1	DCTN3	ALLEGYNK	106342	76154	colon
114894.3	DCTN3	ALLEGYNK	1200243	998364	colon
113401.3	DCTN3	ALLEGYNK	792222	617141	colon
113401.1	DCTN3	ALLEGYNK	2349510	1894442	colon
114867.3	DCTN3	ALLEGYNK	670954	516326	colon
114868.2	DCTN3	ALLEGYNK	312575	235856	colon
114894.2	DCTN3	ALLEGYNK	301827	246930	colon
114867.2	DCTN3	ALLEGYNK	7221455	7125604	colon
113412.3	DCTN3	ALLEGYNK	1149195	1026855	colon
113412.2	DCTN3	ALLEGYNK	191289	105668	colon
114890.3	DCTN3	ALLEGYNK	2095598	1440383	colon
113412.1	DCTN3	ALLEGYNK	516516	343001	colon
114890.2	DCTN3	ALLEGYNK	410713	342665	colon
113401.2	DCTN3	ALLEGYNK	1222113	878826	colon
114894.5	DCTN3	ALLEGYNK	68857	48629	colon
113405.3	DCTN3	ALLEGYNK	136204	95562	colon
114867.1	DCTN3	ALLEGYNK	620150	433074	colon
115293.1	DCTN3	ALLEGYNK	554027	437760	colon
114868.3	DCTN3	ALLEGYNK	105939	76216	colon
118289.1	DCTN3	ALLEGYNK	241685	132248	colon
118273.1	DCTN3	ALLEGYNK	300025	195250	colon
114868.1	EMC7	VLVDGEEHVGFLK	221955	78057	colon
113405.2	EMC7	VLVDGEEHVGFLK	0	0	colon
113405.1	EMC7	VLVDGEEHVGFLK	489141	142571	colon
113413.1	EMC7	VLVDGEEHVGFLK	48960	11078	colon
114894.3	EMC7	VLVDGEEHVGFLK	865395	421743	colon
113401.3	EMC7	VLVDGEEHVGFLK	628110	265719	colon
113401.1	EMC7	VLVDGEEHVGFLK	651461	269862	colon
114867.3	EMC7	VLVDGEEHVGFLK	222854	85716	colon
114868.2	EMC7	VLVDGEEHVGFLK	96868	26644	colon
114894.2	EMC7	VLVDGEEHVGFLK	96175	31872	colon
114867.2	EMC7	VLVDGEEHVGFLK	326267	284844	colon
113412.3	EMC7	VLVDGEEHVGFLK	714741	392578	colon
113412.2	EMC7	VLVDGEEHVGFLK	69447	13598	colon
114890.3	EMC7	VLVDGEEHVGFLK	766101	429263	colon
113412.1	EMC7	VLVDGEEHVGFLK	484539	190937	colon
114890.2	EMC7	VLVDGEEHVGFLK	457991	215385	colon
113401.2	EMC7	VLVDGEEHVGFLK	438105	180919	colon
114894.5	EMC7	VLVDGEEHVGFLK	0	0	colon
113405.3	EMC7	VLVDGEEHVGFLK	282728	91392	colon
114867.1	EMC7	VLVDGEEHVGFLK	159513	76043	colon
115293.1	EMC7	VLVDGEEHVGFLK	215731	163732	colon
114868.3	EMC7	VLVDGEEHVGFLK	0	0	colon
118289.1	EMC7	VLVDGEEHVGFLK	164124	39215	colon
118273.1	EMC7	VLVDGEEHVGFLK	64942	18358	colon
114868.1	HMOX2	ETLEDGLPVHDGK	586180	289818	colon
113405.2	HMOX2	ETLEDGLPVHDGK	223344	83915	colon
113405.1	HMOX2	ETLEDGLPVHDGK	747722	320045	colon
113413.1	HMOX2	ETLEDGLPVHDGK	387163	231700	colon
114894.3	HMOX2	ETLEDGLPVHDGK	621619	329996	colon
113401.3	HMOX2	ETLEDGLPVHDGK	544744	284079	colon
113401.1	HMOX2	ETLEDGLPVHDGK	852198	376731	colon
114867.3	HMOX2	ETLEDGLPVHDGK	167314	90599	colon
114868.2	HMOX2	ETLEDGLPVHDGK	230236	134727	colon
114894.2	HMOX2	ETLEDGLPVHDGK	349160	189605	colon
114867.2	HMOX2	ETLEDGLPVHDGK	2495784	2162304	colon
113412.3	HMOX2	ETLEDGLPVHDGK	790674	399082	colon
113412.2	HMOX2	ETLEDGLPVHDGK	108233	41127	colon
114890.3	HMOX2	ETLEDGLPVHDGK	713161	391535	colon
113412.1	HMOX2	ETLEDGLPVHDGK	558897	286894	colon
114890.2	HMOX2	ETLEDGLPVHDGK	362063	186879	colon
113401.2	HMOX2	ETLEDGLPVHDGK	277405	150871	colon
114894.5	HMOX2	ETLEDGLPVHDGK	150686	92847	colon
113405.3	HMOX2	ETLEDGLPVHDGK	539987	216648	colon
114867.1	HMOX2	ETLEDGLPVHDGK	302191	173404	colon
115293.1	HMOX2	ETLEDGLPVHDGK	453106	247376	colon
114868.3	HMOX2	ETLEDGLPVHDGK	435363	202996	colon
118289.1	HMOX2	ETLEDGLPVHDGK	640642	224902	colon
118273.1	HMOX2	ETLEDGLPVHDGK	280367	134782	colon
114868.1	MAP2K1	ISELGAGNGGVVFK	43522	11287	colon
113405.2	MAP2K1	ISELGAGNGGVVFK	17086	0	colon
113405.1	MAP2K1	ISELGAGNGGVVFK	165965	103407	colon
113413.1	MAP2K1	ISELGAGNGGVVFK	39588	33257	colon
114894.3	MAP2K1	ISELGAGNGGVVFK	692875	357911	colon
113401.3	MAP2K1	ISELGAGNGGVVFK	77526	13883	colon
113401.1	MAP2K1	ISELGAGNGGVVFK	2860582	1508538	colon
114867.3	MAP2K1	ISELGAGNGGVVFK	172134	84294	colon
114868.2	MAP2K1	ISELGAGNGGVVFK	23307	26648	colon
114894.2	MAP2K1	ISELGAGNGGVVFK	14547	3066	colon
114867.2	MAP2K1	ISELGAGNGGVVFK	8476729	6944465	colon
113412.3	MAP2K1	ISELGAGNGGVVFK	395714	185867	colon
113412.2	MAP2K1	ISELGAGNGGVVFK	9415	0	colon
114890.3	MAP2K1	ISELGAGNGGVVFK	1546110	849841	colon
113412.1	MAP2K1	ISELGAGNGGVVFK	183550	87137	colon
114890.2	MAP2K1	ISELGAGNGGVVFK	58708	29052	colon
113401.2	MAP2K1	ISELGAGNGGVVFK	457450	259791	colon
114894.5	MAP2K1	ISELGAGNGGVVFK	3420	0	colon
113405.3	MAP2K1	ISELGAGNGGVVFK	90960	24583	colon
114867.1	MAP2K1	ISELGAGNGGVVFK	72145	37447	colon
115293.1	MAP2K1	ISELGAGNGGVVFK	36269	40946	colon
114868.3	MAP2K1	ISELGAGNGGVVFK	9752	5415	colon
118289.1	MAP2K1	ISELGAGNGGVVFK	47189	14861	colon
118273.1	MAP2K1	ISELGAGNGGVVFK	8673	2244	colon
114868.1	MAP7	EQQILEK	293481	114655	colon
113405.2	MAP7	EQQILEK	31371	21424	colon
113405.1	MAP7	EQQILEK	251974	116069	colon
113413.1	MAP7	EQQILEK	129784	122028	colon
114894.3	MAP7	EQQILEK	377039	252937	colon
113401.3	MAP7	EQQILEK	304216	190786	colon
113401.1	MAP7	EQQILEK	358752	194339	colon
114867.3	MAP7	EQQILEK	265960	156146	colon
114868.2	MAP7	EQQILEK	226008	139138	colon
114894.2	MAP7	EQQILEK	233415	124593	colon
114867.2	MAP7	EQQILEK	152016	149734	colon
113412.3	MAP7	EQQILEK	356539	177432	colon
113412.2	MAP7	EQQILEK	109175	47158	colon
114890.3	MAP7	EQQILEK	358620	190019	colon
113412.1	MAP7	EQQILEK	141728	92930	colon
114890.2	MAP7	EQQILEK	337350	181386	colon
113401.2	MAP7	EQQILEK	263430	153322	colon
114894.5	MAP7	EQQILEK	33623	21016	colon
113405.3	MAP7	EQQILEK	230446	98783	colon
114867.1	MAP7	EQQILEK	279577	154147	colon
115293.1	MAP7	EQQILEK	471297	270593	colon
114868.3	MAP7	EQQILEK	87768	50364	colon
118289.1	MAP7	EQQILEK	224341	99400	colon
118273.1	MAP7	EQQILEK	251258	147975	colon
114868.1	MARE3	QGQDVAPPPNPGDQIFNK	441675	459667	colon
113405.2	MARE3	QGQDVAPPPNPGDQIFNK	90256	42785	colon
113405.1	MARE3	QGQDVAPPPNPGDQIFNK	809698	744292	colon
113413.1	MARE3	QGQDVAPPPNPGDQIFNK	321086	401999	colon
114894.3	MARE3	QGQDVAPPPNPGDQIFNK	606631	652077	colon
113401.3	MARE3	QGQDVAPPPNPGDQIFNK	721469	834397	colon
113401.1	MARE3	QGQDVAPPPNPGDQIFNK	586719	534022	colon
114867.3	MARE3	QGQDVAPPPNPGDQIFNK	333803	367869	colon
114868.2	MARE3	QGQDVAPPPNPGDQIFNK	282796	350860	colon
114894.2	MARE3	QGQDVAPPPNPGDQIFNK	279457	294257	colon
114867.2	MARE3	QGQDVAPPPNPGDQIFNK	433157	1068563	colon
113412.3	MARE3	QGQDVAPPPNPGDQIFNK	885379	901912	colon
113412.2	MARE3	QGQDVAPPPNPGDQIFNK	147257	112229	colon
114890.3	MARE3	QGQDVAPPPNPGDQIFNK	458226	467922	colon
113412.1	MARE3	QGQDVAPPPNPGDQIFNK	251406	411543	colon
114890.2	MARE3	QGQDVAPPPNPGDQIFNK	716337	707344	colon
113401.2	MARE3	QGQDVAPPPNPGDQIFNK	484843	556996	colon
114894.5	MARE3	QGQDVAPPPNPGDQIFNK	12816	22056	colon
113405.3	MARE3	QGQDVAPPPNPGDQIFNK	613636	477751	colon
114867.1	MARE3	QGQDVAPPPNPGDQIFNK	407235	450381	colon
115293.1	MARE3	QGQDVAPPPNPGDQIFNK	607184	564107	colon
114868.3	MARE3	QGQDVAPPPNPGDQIFNK	108115	95545	colon
118289.1	MARE3	QGQDVAPPPNPGDQIFNK	958864	632850	colon
118273.1	MARE3	QGQDVAPPPNPGDQIFNK	222937	233664	colon
114868.1	NCAM2	EVLNAETIEIK	51033	60996	colon
113405.2	NCAM2	EVLNAETIEIK	81916	104345	colon
113405.1	NCAM2	EVLNAETIEIK	0	162749	colon
113413.1	NCAM2	EVLNAETIEIK	0	79831	colon
114894.3	NCAM2	EVLNAETIEIK	0	171339	colon
113401.3	NCAM2	EVLNAETIEIK	0	337273	colon
113401.1	NCAM2	EVLNAETIEIK	0	0	colon
114867.3	NCAM2	EVLNAETIEIK	0	0	colon
114868.2	NCAM2	EVLNAETIEIK	0	74947	colon
114894.2	NCAM2	EVLNAETIEIK	0	60033	colon
114867.2	NCAM2	EVLNAETIEIK	583746	2256387	colon
113412.3	NCAM2	EVLNAETIEIK	0	0	colon
113412.2	NCAM2	EVLNAETIEIK	0	0	colon
114890.3	NCAM2	EVLNAETIEIK	0	185181	colon
113412.1	NCAM2	EVLNAETIEIK	0	115864	colon
114890.2	NCAM2	EVLNAETIEIK	0	56480	colon
113401.2	NCAM2	EVLNAETIEIK	0	0	colon
114894.5	NCAM2	EVLNAETIEIK	0	39320	colon
113405.3	NCAM2	EVLNAETIEIK	0	0	colon
114867.1	NCAM2	EVLNAETIEIK	0	0	colon
115293.1	NCAM2	EVLNAETIEIK	12701	219070	colon
114868.3	NCAM2	EVLNAETIEIK	0	13142	colon
118289.1	NCAM2	EVLNAETIEIK	62725	200374	colon
118273.1	NCAM2	EVLNAETIEIK	14303	109894	colon
114868.1	NCAM2	VSNDIIQSK	166102	194598	colon
113405.2	NCAM2	VSNDIIQSK	0	101941	colon
113405.1	NCAM2	VSNDIIQSK	97477	185121	colon
113413.1	NCAM2	VSNDIIQSK	34942	78384	colon
114894.3	NCAM2	VSNDIIQSK	124726	242457	colon
113401.3	NCAM2	VSNDIIQSK	96616	233173	colon
113401.1	NCAM2	VSNDIIQSK	116161	214905	colon
114867.3	NCAM2	VSNDIIQSK	71994	140078	colon
114868.2	NCAM2	VSNDIIQSK	62629	117134	colon
114894.2	NCAM2	VSNDIIQSK	54136	95066	colon
114867.2	NCAM2	VSNDIIQSK	805732	2211795	colon
113412.3	NCAM2	VSNDIIQSK	124298	226933	colon
113412.2	NCAM2	VSNDIIQSK	36855	59798	colon
114890.3	NCAM2	VSNDIIQSK	123451	248502	colon
113412.1	NCAM2	VSNDIIQSK	47594	99982	colon
114890.2	NCAM2	VSNDIIQSK	67131	143680	colon
113401.2	NCAM2	VSNDIIQSK	78931	148838	colon
114894.5	NCAM2	VSNDIIQSK	17676	36386	colon
113405.3	NCAM2	VSNDIIQSK	30381	47320	colon
114867.1	NCAM2	VSNDIIQSK	98818	191147	colon
115293.1	NCAM2	VSNDIIQSK	101939	242509	colon
114868.3	NCAM2	VSNDIIQSK	9024	38172	colon
118289.1	NCAM2	VSNDIIQSK	126498	149983	colon
118273.1	NCAM2	VSNDIIQSK	62959	143751	colon
114868.1	PRNP	VVEQMCVTQYQK	198487	163563	colon
113405.2	PRNP	VVEQMCVTQYQK	168044	113508	colon
113405.1	PRNP	VVEQMCVTQYQK	828904	671523	colon
113413.1	PRNP	VVEQMCVTQYQK	141274	124028	colon
114894.3	PRNP	VVEQMCVTQYQK	0	0	colon
113401.3	PRNP	VVEQMCVTQYQK	1276894	1120508	colon
113401.1	PRNP	VVEQMCVTQYQK	1988468	1687235	colon
114867.3	PRNP	VVEQMCVTQYQK	142537	112101	colon
114868.2	PRNP	VVEQMCVTQYQK	129594	109288	colon
114894.2	PRNP	VVEQMCVTQYQK	0	0	colon
114867.2	PRNP	VVEQMCVTQYQK	1431157	1733710	colon
113412.3	PRNP	VVEQMCVTQYQK	472790	417548	colon
113412.2	PRNP	VVEQMCVTQYQK	109569	69761	colon
114890.3	PRNP	VVEQMCVTQYQK	0	0	colon
113412.1	PRNP	VVEQMCVTQYQK	142721	135122	colon
114890.2	PRNP	VVEQMCVTQYQK	0	0	colon
113401.2	PRNP	VVEQMCVTQYQK	1044219	969603	colon
114894.5	PRNP	VVEQMCVTQYQK	0	0	colon
113405.3	PRNP	VVEQMCVTQYQK	672911	550478	colon
114867.1	PRNP	VVEQMCVTQYQK	147169	128116	colon
115293.1	PRNP	VVEQMCVTQYQK	0	0	colon
114868.3	PRNP	VVEQMCVTQYQK	48547	45920	colon
118289.1	PRNP	VVEQMCVTQYQK	174456	82502	colon
118273.1	PRNP	VVEQMCVTQYQK	168369	153284	colon
114868.1	PRNP	GENFTETDVK	310693	204047	colon
113405.2	PRNP	GENFTETDVK	856184	812533	colon
113405.1	PRNP	GENFTETDVK	2018509	2024574	colon
113413.1	PRNP	GENFTETDVK	234458	218240	colon
114894.3	PRNP	GENFTETDVK	160144	125118	colon
113401.3	PRNP	GENFTETDVK	1762912	2222409	colon
113401.1	PRNP	GENFTETDVK	1744731	1970640	colon
114867.3	PRNP	GENFTETDVK	146182	99429	colon
114868.2	PRNP	GENFTETDVK	178000	155676	colon
114894.2	PRNP	GENFTETDVK	93434	66584	colon
114867.2	PRNP	GENFTETDVK	920717	905165	colon
113412.3	PRNP	GENFTETDVK	365671	288370	colon
113412.2	PRNP	GENFTETDVK	192047	91602	colon
114890.3	PRNP	GENFTETDVK	156918	112991	colon
113412.1	PRNP	GENFTETDVK	212408	197536	colon
114890.2	PRNP	GENFTETDVK	107116	93455	colon
113401.2	PRNP	GENFTETDVK	1162200	1364302	colon
114894.5	PRNP	GENFTETDVK	57981	50306	colon
113405.3	PRNP	GENFTETDVK	1170737	1154685	colon
114867.1	PRNP	GENFTETDVK	192705	158594	colon
115293.1	PRNP	GENFTETDVK	164841	129393	colon
114868.3	PRNP	GENFTETDVK	105778	75800	colon
118289.1	PRNP	GENFTETDVK	340660	171483	colon
118273.1	PRNP	GENFTETDVK	268602	216934	colon
114868.1	PRNP	QHTVTTTTK	2160	7737	colon
113405.2	PRNP	QHTVTTTTK	66842	36439	colon
113405.1	PRNP	QHTVTTTTK	78543	28830	colon
113413.1	PRNP	QHTVTTTTK	6829	6756	colon
114894.3	PRNP	QHTVTTTTK	2732	9718	colon
113401.3	PRNP	QHTVTTTTK	51849	26815	colon
113401.1	PRNP	QHTVTTTTK	33460	59684	colon
114867.3	PRNP	QHTVTTTTK	6444	4618	colon
114868.2	PRNP	QHTVTTTTK	0	0	colon
114894.2	PRNP	QHTVTTTTK	0	0	colon
114867.2	PRNP	QHTVTTTTK	28369	13847	colon
113412.3	PRNP	QHTVTTTTK	0	0	colon
113412.2	PRNP	QHTVTTTTK	0	0	colon
114890.3	PRNP	QHTVTTTTK	0	0	colon
113412.1	PRNP	QHTVTTTTK	0	0	colon
114890.2	PRNP	QHTVTTTTK	0	0	colon
113401.2	PRNP	QHTVTTTTK	0	0	colon
114894.5	PRNP	QHTVTTTTK	0	0	colon
113405.3	PRNP	QHTVTTTTK	0	0	colon
114867.1	PRNP	QHTVTTTTK	0	0	colon
115293.1	PRNP	QHTVTTTTK	4352	1891	colon
114868.3	PRNP	QHTVTTTTK	0	0	colon
118289.1	PRNP	QHTVTTTTK	0	0	colon
118273.1	PRNP	QHTVTTTTK	0	0	colon
114868.1	SCRN1	DEAWVLETVGK	17762	18737	colon
113405.2	SCRN1	DEAWVLETVGK	18379	24824	colon
113405.1	SCRN1	DEAWVLETVGK	0	0	colon
113413.1	SCRN1	DEAWVLETVGK	1490	4845	colon
114894.3	SCRN1	DEAWVLETVGK	1089	4092	colon
113401.3	SCRN1	DEAWVLETVGK	1235	11892	colon
113401.1	SCRN1	DEAWVLETVGK	35900	25202	colon
114867.3	SCRN1	DEAWVLETVGK	0	0	colon
114868.2	SCRN1	DEAWVLETVGK	0	4754	colon
114894.2	SCRN1	DEAWVLETVGK	1168	3933	colon
114867.2	SCRN1	DEAWVLETVGK	728501	1297229	colon
113412.3	SCRN1	DEAWVLETVGK	4440	18728	colon
113412.2	SCRN1	DEAWVLETVGK	0	0	colon
114890.3	SCRN1	DEAWVLETVGK	3299	8745	colon
113412.1	SCRN1	DEAWVLETVGK	3405	1129	colon
114890.2	SCRN1	DEAWVLETVGK	3494	7739	colon
113401.2	SCRN1	DEAWVLETVGK	4458	9862	colon
114894.5	SCRN1	DEAWVLETVGK	0	0	colon
113405.3	SCRN1	DEAWVLETVGK	7846	4324	colon
114867.1	SCRN1	DEAWVLETVGK	5461	7752	colon
115293.1	SCRN1	DEAWVLETVGK	5346	9594	colon
114868.3	SCRN1	DEAWVLETVGK	0	0	colon
118289.1	SCRN1	DEAWVLETVGK	6516	6957	colon
118273.1	SCRN1	DEAWVLETVGK	0	0	colon
114868.1	UBC12	DINELNLPK	6861043	4359383	colon
113405.2	UBC12	DINELNLPK	1425740	615467	colon
113405.1	UBC12	DINELNLPK	6608294	3441986	colon
113413.1	UBC12	DINELNLPK	1374166	956618	colon
114894.3	UBC12	DINELNLPK	12688220	7803590	colon
113401.3	UBC12	DINELNLPK	8184540	4813540	colon
113401.1	UBC12	DINELNLPK	15046538	8216901	colon
114867.3	UBC12	DINELNLPK	7053619	4452110	colon
114868.2	UBC12	DINELNLPK	4863184	3283107	colon
114894.2	UBC12	DINELNLPK	4868035	2933960	colon
114867.2	UBC12	DINELNLPK	10950832	9958070	colon
113412.3	UBC12	DINELNLPK	12967514	7093508	colon
113412.2	UBC12	DINELNLPK	2761518	1225576	colon
114890.3	UBC12	DINELNLPK	13119252	7028654	colon
113412.1	UBC12	DINELNLPK	3159848	2177602	colon
114890.2	UBC12	DINELNLPK	7360559	4528135	colon
113401.2	UBC12	DINELNLPK	8413779	5282088	colon
114894.5	UBC12	DINELNLPK	595061	391910	colon
113405.3	UBC12	DINELNLPK	4798634	2511357	colon
114867.1	UBC12	DINELNLPK	6628733	4262023	colon
115293.1	UBC12	DINELNLPK	5766016	3598418	colon
114868.3	UBC12	DINELNLPK	1008296	565234	colon
118289.1	UBC12	DINELNLPK	4715343	1987188	colon
118273.1	UBC12	DINELNLPK	4703256	2721645	colon
114868.1	VIGLN	LGQALTEVYAK	7788856	7690424	colon
113405.2	VIGLN	LGQALTEVYAK	164575	134223	colon
113405.1	VIGLN	LGQALTEVYAK	6439686	4753754	colon
113413.1	VIGLN	LGQALTEVYAK	199462	357106	colon
114894.3	VIGLN	LGQALTEVYAK	12403975	12359850	colon
113401.3	VIGLN	LGQALTEVYAK	6248828	6557443	colon
113401.1	VIGLN	LGQALTEVYAK	17469898	16395356	colon
114867.3	VIGLN	LGQALTEVYAK	6343628	6744437	colon
114868.2	VIGLN	LGQALTEVYAK	2567227	2923271	colon
114894.2	VIGLN	LGQALTEVYAK	3759279	3158919	colon
114867.2	VIGLN	LGQALTEVYAK	10000904	7662975	colon
113412.3	VIGLN	LGQALTEVYAK	13869186	12999632	colon
113412.2	VIGLN	LGQALTEVYAK	1633757	1268794	colon
114890.3	VIGLN	LGQALTEVYAK	8887364	4377335	colon
113412.1	VIGLN	LGQALTEVYAK	1469231	816805	colon
114890.2	VIGLN	LGQALTEVYAK	6284423	6461517	colon
113401.2	VIGLN	LGQALTEVYAK	8390609	8208826	colon
114894.5	VIGLN	LGQALTEVYAK	64957	49979	colon
113405.3	VIGLN	LGQALTEVYAK	3643571	3203353	colon
114867.1	VIGLN	LGQALTEVYAK	5224741	5021747	colon
115293.1	VIGLN	LGQALTEVYAK	5292206	5706636	colon
114868.3	VIGLN	LGQALTEVYAK	163389	201476	colon
118289.1	VIGLN	LGQALTEVYAK	1147755	791446	colon
118273.1	VIGLN	LGQALTEVYAK	2198233	1886207	colon
114868.1	WD47b	VTDLQGDLTK	185366	85221	colon
113405.2	WD47b	VTDLQGDLTK	113735	30341	colon
113405.1	WD47b	VTDLQGDLTK	114989	85430	colon
113413.1	WD47b	VTDLQGDLTK	23411	54077	colon
114894.3	WD47b	VTDLQGDLTK	161970	116077	colon
113401.3	WD47b	VTDLQGDLTK	110065	76770	colon
113401.1	WD47b	VTDLQGDLTK	246757	163242	colon
114867.3	WD47b	VTDLQGDLTK	111143	67634	colon
114868.2	WD47b	VTDLQGDLTK	57828	49313	colon
114894.2	WD47b	VTDLQGDLTK	66727	54100	colon
114867.2	WD47b	VTDLQGDLTK	426240	508046	colon
113412.3	WD47b	VTDLQGDLTK	128056	91721	colon
113412.2	WD47b	VTDLQGDLTK	24770	20335	colon
114890.3	WD47b	VTDLQGDLTK	162933	111925	colon
113412.1	WD47b	VTDLQGDLTK	73651	62554	colon
114890.2	WD47b	VTDLQGDLTK	80992	56302	colon
113401.2	WD47b	VTDLQGDLTK	111023	92228	colon
114894.5	WD47b	VTDLQGDLTK	0	0	colon
113405.3	WD47b	VTDLQGDLTK	67767	41286	colon
114867.1	WD47b	VTDLQGDLTK	89476	61888	colon
115293.1	WD47b	VTDLQGDLTK	69908	70367	colon
114868.3	WD47b	VTDLQGDLTK	20590	19283	colon
118289.1	WD47b	VTDLQGDLTK	54965	25855	colon
118273.1	WD47b	VTDLQGDLTK	63195	51202	colon
113405.2	CAPZA2	DIQDSLTVSNEVQTAK	3561746	14951438	brain
113405.1	CAPZA2	DIQDSLTVSNEVQTAK	3127147	12448574	brain
114894.3	CAPZA2	DIQDSLTVSNEVQTAK	4750271	18762072	brain
113401.3	CAPZA2	DIQDSLTVSNEVQTAK	2835968	13315218	brain
113401.1	CAPZA2	DIQDSLTVSNEVQTAK	3356530	12494896	brain
114867.3	CAPZA2	DIQDSLTVSNEVQTAK	3011746	12151670	brain
114868.2	CAPZA2	DIQDSLTVSNEVQTAK	3563403	15992131	brain
114894.2	CAPZA2	DIQDSLTVSNEVQTAK	3583687	15074154	brain
114867.2	CAPZA2	DIQDSLTVSNEVQTAK	3752485	16789272	brain
113412.3	CAPZA2	DIQDSLTVSNEVQTAK	3159150	15649324	brain
113412.2	CAPZA2	DIQDSLTVSNEVQTAK	3882784	15978273	brain
114890.3	CAPZA2	DIQDSLTVSNEVQTAK	3943780	17734990	brain
113412.1	CAPZA2	DIQDSLTVSNEVQTAK	3520339	16451664	brain
114890.2	CAPZA2	DIQDSLTVSNEVQTAK	2629948	11752868	brain
113401.2	CAPZA2	DIQDSLTVSNEVQTAK	4141683	17324316	brain
114894.5	CAPZA2	DIQDSLTVSNEVQTAK	4714484	19491424	brain
113405.3	CAPZA2	DIQDSLTVSNEVQTAK	3671338	16463826	brain
114867.1	CAPZA2	DIQDSLTVSNEVQTAK	4653197	21351732	brain
114868.3	CAPZA2	DIQDSLTVSNEVQTAK	6485922	31065526	brain
118289.1	CAPZA2	DIQDSLTVSNEVQTAK	6669213	27223516	brain
118273.1	CAPZA2	DIQDSLTVSNEVQTAK	4101770	19667628	brain
116331.1	CAPZA2	DIQDSLTVSNEVQTAK	3294	27790928	brain
114878.1	CAPZA2	DIQDSLTVSNEVQTAK	20483	47479096	brain
113404.1	CAPZA2	DIQDSLTVSNEVQTAK	2595	25457336	brain
114867.4	CAPZA2	DIQDSLTVSNEVQTAK	34795	33815784	brain
114868.1	CAPZA2	DIQDSLTVSNEVQTAK	7691924	34811488	brain
113413.1	CAPZA2	DIQDSLTVSNEVQTAK	10482258	54911368	brain
121896.2	CAPZA2	DIQDSLTVSNEVQTAK	2471	46994872	brain
115293.1	CAPZA2	DIQDSLTVSNEVQTAK	8669420	42874752	brain
113405.2	CRKL	TALALEVGDIVK	8752975	16767630	brain
113405.1	CRKL	TALALEVGDIVK	11346860	20457820	brain
114894.3	CRKL	TALALEVGDIVK	8784657	17237236	brain
113401.3	CRKL	TALALEVGDIVK	8125960	17012064	brain
113401.1	CRKL	TALALEVGDIVK	9970120	17244702	brain
114867.3	CRKL	TALALEVGDIVK	8200188	16965974	brain
114868.2	CRKL	TALALEVGDIVK	9023366	18796350	brain
114894.2	CRKL	TALALEVGDIVK	10773373	18710736	brain
114867.2	CRKL	TALALEVGDIVK	9557001	19573670	brain
113412.3	CRKL	TALALEVGDIVK	9888572	19005364	brain
113412.2	CRKL	TALALEVGDIVK	9625522	17913626	brain
114890.3	CRKL	TALALEVGDIVK	9291921	17932536	brain
113412.1	CRKL	TALALEVGDIVK	8793224	18674404	brain
114890.2	CRKL	TALALEVGDIVK	9149831	19494400	brain
113401.2	CRKL	TALALEVGDIVK	10141222	19825704	brain
114894.5	CRKL	TALALEVGDIVK	9840305	18503876	brain
113405.3	CRKL	TALALEVGDIVK	8848630	17118388	brain
114867.1	CRKL	TALALEVGDIVK	9854112	19873498	brain
114868.3	CRKL	TALALEVGDIVK	8029357	17899316	brain
118289.1	CRKL	TALALEVGDIVK	10496340	19923536	brain
118273.1	CRKL	TALALEVGDIVK	7960002	17950010	brain
116331.1	CRKL	TALALEVGDIVK	5525	24369468	brain
114878.1	CRKL	TALALEVGDIVK	12399	25588610	brain
113404.1	CRKL	TALALEVGDIVK	6349	26503070	brain
114867.4	CRKL	TALALEVGDIVK	619	24930256	brain
114868.1	CRKL	TALALEVGDIVK	8905078	18930900	brain
113413.1	CRKL	TALALEVGDIVK	8442799	20642378	brain
121896.2	CRKL	TALALEVGDIVK	4761	11132794	brain
115293.1	CRKL	TALALEVGDIVK	8392556	20490798	brain
113405.2	DC1L1	LYGFPYK	3194480	6640146	brain
113405.1	DC1L1	LYGFPYK	3021038	6535726	brain
114894.3	DC1L1	LYGFPYK	3702847	7433406	brain
113401.3	DC1L1	LYGFPYK	3758262	8756869	brain
113401.1	DC1L1	LYGFPYK	3826047	7755796	brain
114867.3	DC1L1	LYGFPYK	2222597	4868995	brain
114868.2	DC1L1	LYGFPYK	3995074	9493497	brain
114894.2	DC1L1	LYGFPYK	3809414	8703960	brain
114867.2	DC1L1	LYGFPYK	3781366	8898781	brain
113412.3	DC1L1	LYGFPYK	4504330	12642002	brain
113412.2	DC1L1	LYGFPYK	5145534	11786605	brain
114890.3	DC1L1	LYGFPYK	4653473	10993512	brain
113412.1	DC1L1	LYGFPYK	5563325	15556829	brain
114890.2	DC1L1	LYGFPYK	3651119	9921890	brain
113401.2	DC1L1	LYGFPYK	4387918	10364273	brain
114894.5	DC1L1	LYGFPYK	6131895	12636755	brain
113405.3	DC1L1	LYGFPYK	4615951	11200077	brain
114867.1	DC1L1	LYGFPYK	4472211	9372020	brain
114868.3	DC1L1	LYGFPYK	5119140	11575470	brain
118289.1	DC1L1	LYGFPYK	7306433	16297463	brain
118273.1	DC1L1	LYGFPYK	4474123	13469350	brain
116331.1	DC1L1	LYGFPYK	63994	20562320	brain
114878.1	DC1L1	LYGFPYK	40502	19934542	brain
113404.1	DC1L1	LYGFPYK	28127	26333572	brain
114867.4	DC1L1	LYGFPYK	43565	19684640	brain
114868.1	DC1L1	LYGFPYK	6656237	13827506	brain
113413.1	DC1L1	LYGFPYK	4765050	13053327	brain
121896.2	DC1L1	LYGFPYK	1245	13660151	brain
115293.1	DC1L1	LYGFPYK	5269166	13316772	brain
113405.2	DCTN3	ALLEGYNK	6729349	17355038	brain
113405.1	DCTN3	ALLEGYNK	7052496	17907792	brain
114894.3	DCTN3	ALLEGYNK	8044070	19371014	brain
113401.3	DCTN3	ALLEGYNK	6430931	18035442	brain
113401.1	DCTN3	ALLEGYNK	5728896	12612621	brain
114867.3	DCTN3	ALLEGYNK	6464911	12954445	brain
114868.2	DCTN3	ALLEGYNK	4779928	14623256	brain
114894.2	DCTN3	ALLEGYNK	7109018	17861716	brain
114867.2	DCTN3	ALLEGYNK	5918872	18230504	brain
113412.3	DCTN3	ALLEGYNK	5451979	16232472	brain
113412.2	DCTN3	ALLEGYNK	7158140	18678520	brain
114890.3	DCTN3	ALLEGYNK	6662756	20485006	brain
113412.1	DCTN3	ALLEGYNK	6902733	20648384	brain
114890.2	DCTN3	ALLEGYNK	5862150	19263338	brain
113401.2	DCTN3	ALLEGYNK	9158358	23073284	brain
114894.5	DCTN3	ALLEGYNK	6604972	15613010	brain
113405.3	DCTN3	ALLEGYNK	6298559	17227632	brain
114867.1	DCTN3	ALLEGYNK	6722374	17868702	brain
114868.3	DCTN3	ALLEGYNK	7331092	17902920	brain
118289.1	DCTN3	ALLEGYNK	7672823	18032868	brain
118273.1	DCTN3	ALLEGYNK	6839996	20467788	brain
116331.1	DCTN3	ALLEGYNK	1166	26903016	brain
114878.1	DCTN3	ALLEGYNK	121	21638716	brain
113404.1	DCTN3	ALLEGYNK	0	27216460	brain
114867.4	DCTN3	ALLEGYNK	453	27261332	brain
114868.1	DCTN3	ALLEGYNK	7479323	22343044	brain
113413.1	DCTN3	ALLEGYNK	4608308	12491206	brain
121896.2	DCTN3	ALLEGYNK	0	10265900	brain
115293.1	DCTN3	ALLEGYNK	2946620	9952650	brain
113405.2	EMC7	VLVDGEEHVGFLK	2729076	4109360	brain
113405.1	EMC7	VLVDGEEHVGFLK	2730675	4548894	brain
114894.3	EMC7	VLVDGEEHVGFLK	3081547	4776602	brain
113401.3	EMC7	VLVDGEEHVGFLK	3308810	5726609	brain
113401.1	EMC7	VLVDGEEHVGFLK	3648758	5348299	brain
114867.3	EMC7	VLVDGEEHVGFLK	2461381	3806153	brain
114868.2	EMC7	VLVDGEEHVGFLK	3158052	5916481	brain
114894.2	EMC7	VLVDGEEHVGFLK	3527900	5162640	brain
114867.2	EMC7	VLVDGEEHVGFLK	3220871	4785693	brain
113412.3	EMC7	VLVDGEEHVGFLK	2871042	4572786	brain
113412.2	EMC7	VLVDGEEHVGFLK	3293437	5116528	brain
114890.3	EMC7	VLVDGEEHVGFLK	4263789	6285982	brain
113412.1	EMC7	VLVDGEEHVGFLK	3590843	5488519	brain
114890.2	EMC7	VLVDGEEHVGFLK	3200465	5684011	brain
113401.2	EMC7	VLVDGEEHVGFLK	3735319	5601481	brain
114894.5	EMC7	VLVDGEEHVGFLK	3618261	5255213	brain
113405.3	EMC7	VLVDGEEHVGFLK	2816356	4253908	brain
114867.1	EMC7	VLVDGEEHVGFLK	2975342	5152921	brain
114868.3	EMC7	VLVDGEEHVGFLK	2725530	4667991	brain
118289.1	EMC7	VLVDGEEHVGFLK	3759422	4867126	brain
118273.1	EMC7	VLVDGEEHVGFLK	3418878	5445845	brain
116331.1	EMC7	VLVDGEEHVGFLK	1398	8652595	brain
114878.1	EMC7	VLVDGEEHVGFLK	0	10931992	brain
113404.1	EMC7	VLVDGEEHVGFLK	0	9551459	brain
114867.4	EMC7	VLVDGEEHVGFLK	2028	9776315	brain
114868.1	EMC7	VLVDGEEHVGFLK	4215889	6482144	brain
113413.1	EMC7	VLVDGEEHVGFLK	2648977	4859176	brain
121896.2	EMC7	VLVDGEEHVGFLK	2290	4747450	brain
115293.1	EMC7	VLVDGEEHVGFLK	4023206	6683885	brain
113405.2	HMOX2	ETLEDGLPVHDGK	5683406	11173657	brain
113405.1	HMOX2	ETLEDGLPVHDGK	5656634	9998904	brain
114894.3	HMOX2	ETLEDGLPVHDGK	4081319	7693233	brain
113401.3	HMOX2	ETLEDGLPVHDGK	4981764	12733933	brain
113401.1	HMOX2	ETLEDGLPVHDGK	5930757	12313833	brain
114867.3	HMOX2	ETLEDGLPVHDGK	6064176	11705486	brain
114868.2	HMOX2	ETLEDGLPVHDGK	4138622	10579117	brain
114894.2	HMOX2	ETLEDGLPVHDGK	4179559	8433954	brain
114867.2	HMOX2	ETLEDGLPVHDGK	4725287	11763942	brain
113412.3	HMOX2	ETLEDGLPVHDGK	4645320	10487818	brain
113412.2	HMOX2	ETLEDGLPVHDGK	4450825	9938852	brain
114890.3	HMOX2	ETLEDGLPVHDGK	3787640	8967490	brain
113412.1	HMOX2	ETLEDGLPVHDGK	4480049	11462379	brain
114890.2	HMOX2	ETLEDGLPVHDGK	4776019	12291425	brain
113401.2	HMOX2	ETLEDGLPVHDGK	4892164	11125506	brain
114894.5	HMOX2	ETLEDGLPVHDGK	4486807	9358185	brain
113405.3	HMOX2	ETLEDGLPVHDGK	5174524	10361089	brain
114867.1	HMOX2	ETLEDGLPVHDGK	5586527	12372004	brain
114868.3	HMOX2	ETLEDGLPVHDGK	5067300	10964293	brain
118289.1	HMOX2	ETLEDGLPVHDGK	4526041	8846748	brain
118273.1	HMOX2	ETLEDGLPVHDGK	4008053	8934026	brain
116331.1	HMOX2	ETLEDGLPVHDGK	119	10594246	brain
114878.1	HMOX2	ETLEDGLPVHDGK	0	14678266	brain
113404.1	HMOX2	ETLEDGLPVHDGK	7440	14546506	brain
114867.4	HMOX2	ETLEDGLPVHDGK	902	13857211	brain
114868.1	HMOX2	ETLEDGLPVHDGK	5145831	10404861	brain
113413.1	HMOX2	ETLEDGLPVHDGK	4531034	10467018	brain
121896.2	HMOX2	ETLEDGLPVHDGK	7085	10024678	brain
115293.1	HMOX2	ETLEDGLPVHDGK	4092078	8341497	brain
113405.2	MAP2K1	ISELGAGNGGVVFK	19825424	60391648	brain
113405.1	MAP2K1	ISELGAGNGGVVFK	23412796	76950784	brain
114894.3	MAP2K1	ISELGAGNGGVVFK	20436936	61323048	brain
113401.3	MAP2K1	ISELGAGNGGVVFK	19394326	64735040	brain
113401.1	MAP2K1	ISELGAGNGGVVFK	17261860	50358240	brain
114867.3	MAP2K1	ISELGAGNGGVVFK	15344734	45670172	brain
114868.2	MAP2K1	ISELGAGNGGVVFK	15356286	57869896	brain
114894.2	MAP2K1	ISELGAGNGGVVFK	18915166	62014356	brain
114867.2	MAP2K1	ISELGAGNGGVVFK	21532774	70968464	brain
113412.3	MAP2K1	ISELGAGNGGVVFK	15221628	55547684	brain
113412.2	MAP2K1	ISELGAGNGGVVFK	18552596	65211796	brain
114890.3	MAP2K1	ISELGAGNGGVVFK	16178892	55007448	brain
113412.1	MAP2K1	ISELGAGNGGVVFK	16969472	62451460	brain
114890.2	MAP2K1	ISELGAGNGGVVFK	14784092	52112048	brain
113401.2	MAP2K1	ISELGAGNGGVVFK	17972832	59340200	brain
114894.5	MAP2K1	ISELGAGNGGVVFK	14834535	47294576	brain
113405.3	MAP2K1	ISELGAGNGGVVFK	15587681	50181872	brain
114867.1	MAP2K1	ISELGAGNGGVVFK	19233516	66453348	brain
114868.3	MAP2K1	ISELGAGNGGVVFK	16555422	56336908	brain
118289.1	MAP2K1	ISELGAGNGGVVFK	15620197	48813500	brain
118273.1	MAP2K1	ISELGAGNGGVVFK	16619068	63423880	brain
116331.1	MAP2K1	ISELGAGNGGVVFK	1553	59686872	brain
114878.1	MAP2K1	ISELGAGNGGVVFK	3578	57661076	brain
113404.1	MAP2K1	ISELGAGNGGVVFK	0	49145276	brain
114867.4	MAP2K1	ISELGAGNGGVVFK	0	48740484	brain
114868.1	MAP2K1	ISELGAGNGGVVFK	13797961	43443944	brain
113413.1	MAP2K1	ISELGAGNGGVVFK	5624580	23226364	brain
121896.2	MAP2K1	ISELGAGNGGVVFK	10337	40950368	brain
115293.1	MAP2K1	ISELGAGNGGVVFK	10194118	35377408	brain
113405.2	MA7D2	EQQILEK	3120327	4882981	brain
113405.1	MA7D2	EQQILEK	3034244	5235359	brain
114894.3	MA7D2	EQQILEK	3162042	5022975	brain
113401.3	MA7D2	EQQILEK	2503051	4791333	brain
113401.1	MA7D2	EQQILEK	2795912	4106108	brain
114867.3	MA7D2	EQQILEK	2896943	5139593	brain
114868.2	MA7D2	EQQILEK	2623797	5232428	brain
114894.2	MA7D2	EQQILEK	4058483	6293258	brain
114867.2	MA7D2	EQQILEK	3517126	6078491	brain
113412.3	MA7D2	EQQILEK	4034440	6659685	brain
113412.2	MA7D2	EQQILEK	2493014	4458797	brain
114890.3	MA7D2	EQQILEK	3002536	5469190	brain
113412.1	MA7D2	EQQILEK	3276913	5602873	brain
114890.2	MA7D2	EQQILEK	3398251	6156866	brain
113401.2	MA7D2	EQQILEK	3890337	6325447	brain
114894.5	MA7D2	EQQILEK	4478324	7135927	brain
113405.3	MA7D2	EQQILEK	4231835	6697154	brain
114867.1	MA7D2	EQQILEK	2883597	4660587	brain
114868.3	MA7D2	EQQILEK	3140051	5489651	brain
118289.1	MA7D2	EQQILEK	3997498	5552307	brain
118273.1	MA7D2	EQQILEK	2865622	5245821	brain
116331.1	MA7D2	EQQILEK	0	7484038	brain
114878.1	MA7D2	EQQILEK	0	8429298	brain
113404.1	MA7D2	EQQILEK	0	5661340	brain
114867.4	MA7D2	EQQILEK	0	4960607	brain
114868.1	MA7D2	EQQILEK	2522375	4479026	brain
113413.1	MA7D2	EQQILEK	1996135	4027193	brain
121896.2	MA7D2	EQQILEK	0	4561797	brain
115293.1	MA7D2	EQQILEK	3015028	6044716	brain
113405.2	MARE3	QGQDVAPPPNPGDQIFNK	23004972	74657728	brain
113405.1	MARE3	QGQDVAPPPNPGDQIFNK	28854194	97523464	brain
114894.3	MARE3	QGQDVAPPPNPGDQIFNK	20764614	61015416	brain
113401.3	MARE3	QGQDVAPPPNPGDQIFNK	26466790	90465600	brain
113401.1	MARE3	QGQDVAPPPNPGDQIFNK	21934536	66825304	brain
114867.3	MARE3	QGQDVAPPPNPGDQIFNK	18781990	66673720	brain
114868.2	MARE3	QGQDVAPPPNPGDQIFNK	20776064	80828552	brain
114894.2	MARE3	QGQDVAPPPNPGDQIFNK	29163296	84991872	brain
114867.2	MARE3	QGQDVAPPPNPGDQIFNK	28715728	94492608	brain
113412.3	MARE3	QGQDVAPPPNPGDQIFNK	27919136	87418208	brain
113412.2	MARE3	QGQDVAPPPNPGDQIFNK	23413900	69854256	brain
114890.3	MARE3	QGQDVAPPPNPGDQIFNK	31221790	92780704	brain
113412.1	MARE3	QGQDVAPPPNPGDQIFNK	30072914	103731056	brain
114890.2	MARE3	QGQDVAPPPNPGDQIFNK	21162268	75083848	brain
113401.2	MARE3	QGQDVAPPPNPGDQIFNK	26809326	85753752	brain
114894.5	MARE3	QGQDVAPPPNPGDQIFNK	24316170	76442984	brain
113405.3	MARE3	QGQDVAPPPNPGDQIFNK	19071848	63243764	brain
114867.1	MARE3	QGQDVAPPPNPGDQIFNK	23593036	75130688	brain
114868.3	MARE3	QGQDVAPPPNPGDQIFNK	18105394	63246744	brain
118289.1	MARE3	QGQDVAPPPNPGDQIFNK	28912296	82596936	brain
118273.1	MARE3	QGQDVAPPPNPGDQIFNK	17874932	69117688	brain
116331.1	MARE3	QGQDVAPPPNPGDQIFNK	77507	100983144	brain
114878.1	MARE3	QGQDVAPPPNPGDQIFNK	127065	159799552	brain
113404.1	MARE3	QGQDVAPPPNPGDQIFNK	61253	91810960	brain
114867.4	MARE3	QGQDVAPPPNPGDQIFNK	63746	87247920	brain
114868.1	MARE3	QGQDVAPPPNPGDQIFNK	24305278	80362656	brain
113413.1	MARE3	QGQDVAPPPNPGDQIFNK	19120204	69686880	brain
121896.2	MARE3	QGQDVAPPPNPGDQIFNK	25379	30529792	brain
115293.1	MARE3	QGQDVAPPPNPGDQIFNK	22964462	86815272	brain
113405.2	NCAM2	EVLNAETIEIK	6345565	33061508	brain
113405.1	NCAM2	EVLNAETIEIK	7615413	39049360	brain
114894.3	NCAM2	EVLNAETIEIK	10076100	45909404	brain
113401.3	NCAM2	EVLNAETIEIK	6401701	38543116	brain
113401.1	NCAM2	EVLNAETIEIK	8808283	40246164	brain
114867.3	NCAM2	EVLNAETIEIK	7381723	37634972	brain
114868.2	NCAM2	EVLNAETIEIK	9470992	52187324	brain
114894.2	NCAM2	EVLNAETIEIK	9866814	46621444	brain
114867.2	NCAM2	EVLNAETIEIK	10334373	52994360	brain
113412.3	NCAM2	EVLNAETIEIK	10129285	55106612	brain
113412.2	NCAM2	EVLNAETIEIK	10564927	51613412	brain
114890.3	NCAM2	EVLNAETIEIK	9399322	47836852	brain
113412.1	NCAM2	EVLNAETIEIK	9299205	55839440	brain
114890.2	NCAM2	EVLNAETIEIK	8899108	48869800	brain
113401.2	NCAM2	EVLNAETIEIK	11418566	58322516	brain
114894.5	NCAM2	EVLNAETIEIK	11707075	51122216	brain
113405.3	NCAM2	EVLNAETIEIK	10697066	52103880	brain
114867.1	NCAM2	EVLNAETIEIK	7799251	43538600	brain
114868.3	NCAM2	EVLNAETIEIK	8027005	41243020	brain
118289.1	NCAM2	EVLNAETIEIK	11899098	56246020	brain
118273.1	NCAM2	EVLNAETIEIK	9258454	50275632	brain
116331.1	NCAM2	EVLNAETIEIK	0	75989624	brain
114878.1	NCAM2	EVLNAETIEIK	0	62345168	brain
113404.1	NCAM2	EVLNAETIEIK	0	74514032	brain
114867.4	NCAM2	EVLNAETIEIK	0	72193152	brain
114868.1	NCAM2	EVLNAETIEIK	9576206	50999504	brain
113413.1	NCAM2	EVLNAETIEIK	7805633	45814408	brain
121896.2	NCAM2	EVLNAETIEIK	991	19704724	brain
115293.1	NCAM2	EVLNAETIEIK	7702181	43600704	brain
113405.2	NCAM2	ITNHEDGSPVNEPNETTPLTEPEK	602313	1323671	brain
113405.1	NCAM2	ITNHEDGSPVNEPNETTPLTEPEK	916542	2064876	brain
114894.3	NCAM2	ITNHEDGSPVNEPNETTPLTEPEK	581559	1400139	brain
113401.3	NCAM2	ITNHEDGSPVNEPNETTPLTEPEK	968834	2477774	brain
113401.1	NCAM2	ITNHEDGSPVNEPNETTPLTEPEK	562628	1311679	brain
114867.3	NCAM2	ITNHEDGSPVNEPNETTPLTEPEK	1036454	2382398	brain
114868.2	NCAM2	ITNHEDGSPVNEPNETTPLTEPEK	856175	2260204	brain
114894.2	NCAM2	ITNHEDGSPVNEPNETTPLTEPEK	522343	1241179	brain
114867.2	NCAM2	ITNHEDGSPVNEPNETTPLTEPEK	882909	2277771	brain
113412.3	NCAM2	ITNHEDGSPVNEPNETTPLTEPEK	922977	2279409	brain
113412.2	NCAM2	ITNHEDGSPVNEPNETTPLTEPEK	432068	976544	brain
114890.3	NCAM2	ITNHEDGSPVNEPNETTPLTEPEK	711855	1770282	brain
113412.1	NCAM2	ITNHEDGSPVNEPNETTPLTEPEK	874430	2281662	brain
114890.2	NCAM2	ITNHEDGSPVNEPNETTPLTEPEK	536923	1478304	brain
113401.2	NCAM2	ITNHEDGSPVNEPNETTPLTEPEK	1015502	2348418	brain
114894.5	NCAM2	ITNHEDGSPVNEPNETTPLTEPEK	556203	1245212	brain
113405.3	NCAM2	ITNHEDGSPVNEPNETTPLTEPEK	588779	1312644	brain
114867.1	NCAM2	ITNHEDGSPVNEPNETTPLTEPEK	887911	2316704	brain
114868.3	NCAM2	ITNHEDGSPVNEPNETTPLTEPEK	481264	1200334	brain
118289.1	NCAM2	ITNHEDGSPVNEPNETTPLTEPEK	961489	2078514	brain
118273.1	NCAM2	ITNHEDGSPVNEPNETTPLTEPEK	422149	1210303	brain
116331.1	NCAM2	ITNHEDGSPVNEPNETTPLTEPEK	0	2680098	brain
114878.1	NCAM2	ITNHEDGSPVNEPNETTPLTEPEK	1696	2815173	brain
113404.1	NCAM2	ITNHEDGSPVNEPNETTPLTEPEK	0	1831245	brain
114867.4	NCAM2	ITNHEDGSPVNEPNETTPLTEPEK	0	2658426	brain
114868.1	NCAM2	ITNHEDGSPVNEPNETTPLTEPEK	901172	2132328	brain
113413.1	NCAM2	ITNHEDGSPVNEPNETTPLTEPEK	427248	1310320	brain
121896.2	NCAM2	ITNHEDGSPVNEPNETTPLTEPEK	0	2107240	brain
115293.1	NCAM2	ITNHEDGSPVNEPNETTPLTEPEK	909845	2411960	brain
113405.2	NCAM2	VSNDIIQSK	5765831	25950814	brain
113405.1	NCAM2	VSNDIIQSK	6382962	27412716	brain
114894.3	NCAM2	VSNDIIQSK	7142463	28645688	brain
113401.3	NCAM2	VSNDIIQSK	6311895	28104132	brain
113401.1	NCAM2	VSNDIIQSK	6549776	25218484	brain
114867.3	NCAM2	VSNDIIQSK	6119007	23779828	brain
114868.2	NCAM2	VSNDIIQSK	5580968	29746212	brain
114894.2	NCAM2	VSNDIIQSK	6438059	26717490	brain
114867.2	NCAM2	VSNDIIQSK	6527168	34997548	brain
113412.3	NCAM2	VSNDIIQSK	6297855	32141498	brain
113412.2	NCAM2	VSNDIIQSK	5534913	27919528	brain
114890.3	NCAM2	VSNDIIQSK	6315482	29766172	brain
113412.1	NCAM2	VSNDIIQSK	5682630	30222038	brain
114890.2	NCAM2	VSNDIIQSK	5872401	27730152	brain
113401.2	NCAM2	VSNDIIQSK	7997038	36968560	brain
114894.5	NCAM2	VSNDIIQSK	8124539	32931414	brain
113405.3	NCAM2	VSNDIIQSK	6302169	27718590	brain
114867.1	NCAM2	VSNDIIQSK	4949341	24447196	brain
114868.3	NCAM2	VSNDIIQSK	6074075	26703920	brain
118289.1	NCAM2	VSNDIIQSK	7731352	35864512	brain
118273.1	NCAM2	VSNDIIQSK	5516410	28773362	brain
116331.1	NCAM2	VSNDIIQSK	0	43132248	brain
114878.1	NCAM2	VSNDIIQSK	0	36502416	brain
113404.1	NCAM2	VSNDIIQSK	0	29864120	brain
114867.4	NCAM2	VSNDIIQSK	0	42664792	brain
114868.1	NCAM2	VSNDIIQSK	4935988	21854432	brain
113413.1	NCAM2	VSNDIIQSK	3584371	20712112	brain
121896.2	NCAM2	VSNDIIQSK	0	12391892	brain
115293.1	NCAM2	VSNDIIQSK	4522430	20035334	brain
113405.2	PRNP	VVEQMCVTQYQK	56320724	129029240	brain
113405.1	PRNP	VVEQMCVTQYQK	87029528	211239136	brain
114894.3	PRNP	VVEQMCVTQYQK	48069	136918	brain
113401.3	PRNP	VVEQMCVTQYQK	81037760	239877600	brain
113401.1	PRNP	VVEQMCVTQYQK	120755536	275094688	brain
114867.3	PRNP	VVEQMCVTQYQK	18269178	41877852	brain
114868.2	PRNP	VVEQMCVTQYQK	12466732	33624460	brain
114894.2	PRNP	VVEQMCVTQYQK	10350	43063	brain
114867.2	PRNP	VVEQMCVTQYQK	15373899	41019572	brain
113412.3	PRNP	VVEQMCVTQYQK	30043012	76744400	brain
113412.2	PRNP	VVEQMCVTQYQK	23653012	54335540	brain
114890.3	PRNP	VVEQMCVTQYQK	0	0	brain
113412.1	PRNP	VVEQMCVTQYQK	23344170	73473456	brain
114890.2	PRNP	VVEQMCVTQYQK	21634	80859	brain
113401.2	PRNP	VVEQMCVTQYQK	107590080	258036976	brain
114894.5	PRNP	VVEQMCVTQYQK	26759	69315	brain
113405.3	PRNP	VVEQMCVTQYQK	92256128	211299328	brain
114867.1	PRNP	VVEQMCVTQYQK	14639013	38260980	brain
114868.3	PRNP	VVEQMCVTQYQK	12904554	36827712	brain
118289.1	PRNP	VVEQMCVTQYQK	31022198	70434312	brain
118273.1	PRNP	VVEQMCVTQYQK	20940330	66966556	brain
116331.1	PRNP	VVEQMCVTQYQK	78111	95823360	brain
114878.1	PRNP	VVEQMCVTQYQK	3774	37282	brain
113404.1	PRNP	VVEQMCVTQYQK	249951	313269280	brain
114867.4	PRNP	VVEQMCVTQYQK	37833	38778240	brain
114868.1	PRNP	VVEQMCVTQYQK	9072011	22993884	brain
113413.1	PRNP	VVEQMCVTQYQK	9873819	26171416	brain
121896.2	PRNP	VVEQMCVTQYQK	5427	6859263	brain
115293.1	PRNP	VVEQMCVTQYQK	0	36287	brain
113405.2	PRNP	GENFTETDVK	16472653	40672384	brain
113405.1	PRNP	GENFTETDVK	17472386	42134420	brain
114894.3	PRNP	GENFTETDVK	3116104	7451904	brain
113401.3	PRNP	GENFTETDVK	19233852	52980228	brain
113401.1	PRNP	GENFTETDVK	15711884	38126568	brain
114867.3	PRNP	GENFTETDVK	2882537	8192542	brain
114868.2	PRNP	GENFTETDVK	2678227	8138535	brain
114894.2	PRNP	GENFTETDVK	2691461	6207795	brain
114867.2	PRNP	GENFTETDVK	2528539	8044762	brain
113412.3	PRNP	GENFTETDVK	5140564	15071227	brain
113412.2	PRNP	GENFTETDVK	5044476	13373167	brain
114890.3	PRNP	GENFTETDVK	2233041	5904109	brain
113412.1	PRNP	GENFTETDVK	4945556	14700762	brain
114890.2	PRNP	GENFTETDVK	2359942	6631706	brain
113401.2	PRNP	GENFTETDVK	17661044	43061040	brain
114894.5	PRNP	GENFTETDVK	2483267	5325579	brain
113405.3	PRNP	GENFTETDVK	14433938	35043248	brain
114867.1	PRNP	GENFTETDVK	2969229	8264569	brain
114868.3	PRNP	GENFTETDVK	3064215	8893032	brain
118289.1	PRNP	GENFTETDVK	6055415	15337730	brain
118273.1	PRNP	GENFTETDVK	4820689	14290267	brain
116331.1	PRNP	GENFTETDVK	2535	14880482	brain
114878.1	PRNP	GENFTETDVK	0	8902200	brain
113404.1	PRNP	GENFTETDVK	4428	54077880	brain
114867.4	PRNP	GENFTETDVK	4640	11037687	brain
114868.1	PRNP	GENFTETDVK	2783202	8032032	brain
113413.1	PRNP	GENFTETDVK	4044000	12579292	brain
121896.2	PRNP	GENFTETDVK	0	5030234	brain
115293.1	PRNP	GENFTETDVK	3681771	10683498	brain
113405.2	PRNP	QHTVTTTTK	18454	303315	brain
113405.1	PRNP	QHTVTTTTK	147069	3705	brain
114894.3	PRNP	QHTVTTTTK	2523	196561	brain
113401.3	PRNP	QHTVTTTTK	599	379291	brain
113401.1	PRNP	QHTVTTTTK	142489	0	brain
114867.3	PRNP	QHTVTTTTK	0	38983	brain
114868.2	PRNP	QHTVTTTTK	0	63706	brain
114894.2	PRNP	QHTVTTTTK	39726	27034	brain
114867.2	PRNP	QHTVTTTTK	9405	41721	brain
113412.3	PRNP	QHTVTTTTK	23666	91704	brain
113412.2	PRNP	QHTVTTTTK	0	127033	brain
114890.3	PRNP	QHTVTTTTK	11333	156780	brain
113412.1	PRNP	QHTVTTTTK	0	93632	brain
114890.2	PRNP	QHTVTTTTK	0	0	brain
113401.2	PRNP	QHTVTTTTK	178064	37445	brain
114894.5	PRNP	QHTVTTTTK	0	0	brain
113405.3	PRNP	QHTVTTTTK	0	227352	brain
114867.1	PRNP	QHTVTTTTK	0	0	brain
114868.3	PRNP	QHTVTTTTK	28652	58728	brain
118289.1	PRNP	QHTVTTTTK	0	0	brain
118273.1	PRNP	QHTVTTTTK	542	109751	brain
116331.1	PRNP	QHTVTTTTK	0	144692	brain
114878.1	PRNP	QHTVTTTTK	0	0	brain
113404.1	PRNP	QHTVTTTTK	0	180650	brain
114867.4	PRNP	QHTVTTTTK	0	0	brain
114868.1	PRNP	QHTVTTTTK	0	34241	brain
113413.1	PRNP	QHTVTTTTK	818634	2316165	brain
121896.2	PRNP	QHTVTTTTK	0	8234117	brain
115293.1	PRNP	QHTVTTTTK	38722	0	brain
113405.2	SCRN1	DEAWVLETVGK	2144665	8057263	brain
113405.1	SCRN1	DEAWVLETVGK	2942976	11217900	brain
114894.3	SCRN1	DEAWVLETVGK	2781755	10013167	brain
113401.3	SCRN1	DEAWVLETVGK	2093649	9430989	brain
113401.1	SCRN1	DEAWVLETVGK	2725134	9679546	brain
114867.3	SCRN1	DEAWVLETVGK	2419391	9392511	brain
114868.2	SCRN1	DEAWVLETVGK	2992079	14153864	brain
114894.2	SCRN1	DEAWVLETVGK	3353032	13030005	brain
114867.2	SCRN1	DEAWVLETVGK	2764822	12658925	brain
113412.3	SCRN1	DEAWVLETVGK	3279366	14023356	brain
113412.2	SCRN1	DEAWVLETVGK	3818508	15768409	brain
114890.3	SCRN1	DEAWVLETVGK	3874633	16660734	brain
113412.1	SCRN1	DEAWVLETVGK	3192030	14800244	brain
114890.2	SCRN1	DEAWVLETVGK	3004392	14452082	brain
113401.2	SCRN1	DEAWVLETVGK	4253863	16906984	brain
114894.5	SCRN1	DEAWVLETVGK	4185257	15168960	brain
113405.3	SCRN1	DEAWVLETVGK	3337178	12112492	brain
114867.1	SCRN1	DEAWVLETVGK	3996161	17499038	brain
114868.3	SCRN1	DEAWVLETVGK	4234430	17825516	brain
118289.1	SCRN1	DEAWVLETVGK	4806398	18763952	brain
118273.1	SCRN1	DEAWVLETVGK	3358948	16089404	brain
116331.1	SCRN1	DEAWVLETVGK	324	17894704	brain
114878.1	SCRN1	DEAWVLETVGK	0	11135696	brain
113404.1	SCRN1	DEAWVLETVGK	0	16697590	brain
114867.4	SCRN1	DEAWVLETVGK	0	18847078	brain
114868.1	SCRN1	DEAWVLETVGK	2479480	9362160	brain
113413.1	SCRN1	DEAWVLETVGK	2428558	11888529	brain
121896.2	SCRN1	DEAWVLETVGK	16398	32087724	brain
115293.1	SCRN1	DEAWVLETVGK	3000051	14366899	brain
113405.2	UBC12	DINELNLPK	12026674	37459052	brain
113405.1	UBC12	DINELNLPK	12377181	34594088	brain
114894.3	UBC12	DINELNLPK	12258141	35311068	brain
113401.3	UBC12	DINELNLPK	11427516	35649272	brain
113401.1	UBC12	DINELNLPK	13445142	37434856	brain
114867.3	UBC12	DINELNLPK	13128419	36152916	brain
114868.2	UBC12	DINELNLPK	8850968	34016740	brain
114894.2	UBC12	DINELNLPK	15228391	42942168	brain
114867.2	UBC12	DINELNLPK	14594128	50907292	brain
113412.3	UBC12	DINELNLPK	16687608	44710048	brain
113412.2	UBC12	DINELNLPK	12502323	40876760	brain
114890.3	UBC12	DINELNLPK	13586031	42948808	brain
113412.1	UBC12	DINELNLPK	13017422	43080244	brain
114890.2	UBC12	DINELNLPK	12372328	43385048	brain
113401.2	UBC12	DINELNLPK	16053742	42551404	brain
114894.5	UBC12	DINELNLPK	14487604	38761196	brain
113405.3	UBC12	DINELNLPK	13357999	38163340	brain
114867.1	UBC12	DINELNLPK	11274338	34923480	brain
114868.3	UBC12	DINELNLPK	11608850	36087864	brain
118289.1	UBC12	DINELNLPK	17023658	40189644	brain
118273.1	UBC12	DINELNLPK	11980651	38992520	brain
116331.1	UBC12	DINELNLPK	1268	55296236	brain
114878.1	UBC12	DINELNLPK	1415	75703032	brain
113404.1	UBC12	DINELNLPK	0	63671252	brain
114867.4	UBC12	DINELNLPK	3721	64431524	brain
114868.1	UBC12	DINELNLPK	16160134	47530748	brain
113413.1	UBC12	DINELNLPK	7758195	29281234	brain
121896.2	UBC12	DINELNLPK	4636	25729966	brain
115293.1	UBC12	DINELNLPK	14393468	49142452	brain
113405.2	VIGLN	LGQALTEVYAK	3084118	4682188	brain
113405.1	VIGLN	LGQALTEVYAK	3983579	5753499	brain
114894.3	VIGLN	LGQALTEVYAK	3354846	5094511	brain
113401.3	VIGLN	LGQALTEVYAK	3533556	6602323	brain
113401.1	VIGLN	LGQALTEVYAK	3559612	4879535	brain
114867.3	VIGLN	LGQALTEVYAK	3060477	4951152	brain
114868.2	VIGLN	LGQALTEVYAK	1107451	2123705	brain
114894.2	VIGLN	LGQALTEVYAK	3408962	5555571	brain
114867.2	VIGLN	LGQALTEVYAK	2485040	4419378	brain
113412.3	VIGLN	LGQALTEVYAK	2214144	3997053	brain
113412.2	VIGLN	LGQALTEVYAK	3316345	5561199	brain
114890.3	VIGLN	LGQALTEVYAK	3045919	6158423	brain
113412.1	VIGLN	LGQALTEVYAK	2635426	4672367	brain
114890.2	VIGLN	LGQALTEVYAK	2472307	4540009	brain
113401.2	VIGLN	LGQALTEVYAK	2934914	4687517	brain
114894.5	VIGLN	LGQALTEVYAK	2222504	3294007	brain
113405.3	VIGLN	LGQALTEVYAK	3064925	4909117	brain
114867.1	VIGLN	LGQALTEVYAK	2847368	4966311	brain
114868.3	VIGLN	LGQALTEVYAK	2272732	3860141	brain
118289.1	VIGLN	LGQALTEVYAK	2675154	4043713	brain
118273.1	VIGLN	LGQALTEVYAK	2590187	4522452	brain
116331.1	VIGLN	LGQALTEVYAK	6566	6549474	brain
114878.1	VIGLN	LGQALTEVYAK	5539	7319329	brain
113404.1	VIGLN	LGQALTEVYAK	0	3447230	brain
114867.4	VIGLN	LGQALTEVYAK	1826	5398357	brain
114868.1	VIGLN	LGQALTEVYAK	2055572	3336388	brain
113413.1	VIGLN	LGQALTEVYAK	1083192	1904697	brain
121896.2	VIGLN	LGQALTEVYAK	796	2079656	brain
115293.1	VIGLN	LGQALTEVYAK	1617081	2507371	brain
113405.2	WD47b	VTDLQGDLTK	6967319	12134057	brain
113405.1	WD47b	VTDLQGDLTK	7439196	13183554	brain
114894.3	WD47b	VTDLQGDLTK	6879179	11783922	brain
113401.3	WD47b	VTDLQGDLTK	7980083	16660729	brain
113401.1	WD47b	VTDLQGDLTK	5283314	11715788	brain
114867.3	WD47b	VTDLQGDLTK	8592852	13995904	brain
114868.2	WD47b	VTDLQGDLTK	6625695	13862542	brain
114894.2	WD47b	VTDLQGDLTK	6641864	11692149	brain
114867.2	WD47b	VTDLQGDLTK	5909158	12951250	brain
113412.3	WD47b	VTDLQGDLTK	7420697	13583555	brain
113412.2	WD47b	VTDLQGDLTK	7520422	14330209	brain
114890.3	WD47b	VTDLQGDLTK	6971066	13722061	brain
113412.1	WD47b	VTDLQGDLTK	5900672	13562035	brain
114890.2	WD47b	VTDLQGDLTK	6629265	14957040	brain
113401.2	WD47b	VTDLQGDLTK	5847666	11847257	brain
114894.5	WD47b	VTDLQGDLTK	7798643	14977627	brain
113405.3	WD47b	VTDLQGDLTK	5644098	10611433	brain
114867.1	WD47b	VTDLQGDLTK	8443899	16316568	brain
114868.3	WD47b	VTDLQGDLTK	7566386	16025498	brain
118289.1	WD47b	VTDLQGDLTK	8107113	13396524	brain
118273.1	WD47b	VTDLQGDLTK	5501185	13508594	brain
116331.1	WD47b	VTDLQGDLTK	765	21373826	brain
114878.1	WD47b	VTDLQGDLTK	2200	19107266	brain
113404.1	WD47b	VTDLQGDLTK	1929	24605864	brain
114867.4	WD47b	VTDLQGDLTK	11637	22858536	brain
114868.1	WD47b	VTDLQGDLTK	7303049	15158932	brain
113413.1	WD47b	VTDLQGDLTK	6665702	15233524	brain
121896.2	WD47b	VTDLQGDLTK	192642	10219226	brain
115293.1	WD47b	VTDLQGDLTK	6210226	14141391	brain
