peptide	protein	dilution	rep	total_area_fragment	max_height	attomoles_peptide_analyzed	measurement_type
DIQDSLTVSNEVQTAK	CAPZA2	1	A			19.53125	Non-Quantitative
DIQDSLTVSNEVQTAK	CAPZA2	1	B			19.53125	Non-Quantitative
DIQDSLTVSNEVQTAK	CAPZA2	1	C	4264	995	19.53125	Non-Quantitative
DIQDSLTVSNEVQTAK	CAPZA2	2	A			39.0625	Non-Quantitative
DIQDSLTVSNEVQTAK	CAPZA2	2	B			39.0625	Non-Quantitative
DIQDSLTVSNEVQTAK	CAPZA2	2	C			39.0625	Non-Quantitative
DIQDSLTVSNEVQTAK	CAPZA2	3	A			78.125	Non-Quantitative
DIQDSLTVSNEVQTAK	CAPZA2	3	B			78.125	Non-Quantitative
DIQDSLTVSNEVQTAK	CAPZA2	3	C			78.125	Non-Quantitative
DIQDSLTVSNEVQTAK	CAPZA2	4	A	5124	1195	156.25	Non-Quantitative
DIQDSLTVSNEVQTAK	CAPZA2	4	B	5819	1347	156.25	Non-Quantitative
DIQDSLTVSNEVQTAK	CAPZA2	4	C	5282	1200	156.25	Non-Quantitative
DIQDSLTVSNEVQTAK	CAPZA2	5	A	4224	660	312.5	Non-Quantitative
DIQDSLTVSNEVQTAK	CAPZA2	5	B	5179	1200	312.5	Non-Quantitative
DIQDSLTVSNEVQTAK	CAPZA2	5	C			312.5	Non-Quantitative
DIQDSLTVSNEVQTAK	CAPZA2	6	A			625	Non-Quantitative
DIQDSLTVSNEVQTAK	CAPZA2	6	B			625	Non-Quantitative
DIQDSLTVSNEVQTAK	CAPZA2	6	C			625	Non-Quantitative
DIQDSLTVSNEVQTAK	CAPZA2	7	A			1250	Non-Quantitative
DIQDSLTVSNEVQTAK	CAPZA2	7	B			1250	Non-Quantitative
DIQDSLTVSNEVQTAK	CAPZA2	7	C			1250	Non-Quantitative
DIQDSLTVSNEVQTAK	CAPZA2	8	A	42523	4092	2500	Non-Quantitative
DIQDSLTVSNEVQTAK	CAPZA2	8	B	15700	1991	2500	Non-Quantitative
DIQDSLTVSNEVQTAK	CAPZA2	8	C	14379	1152	2500	Non-Quantitative
DIQDSLTVSNEVQTAK	CAPZA2	9	A	43417	3100	5000	Quantitative
DIQDSLTVSNEVQTAK	CAPZA2	9	B	36845	2202	5000	Quantitative
DIQDSLTVSNEVQTAK	CAPZA2	9	C	12075	1431	5000	Quantitative
DIQDSLTVSNEVQTAK	CAPZA2	10	A	69933	4289	10000	Quantitative
DIQDSLTVSNEVQTAK	CAPZA2	10	B	43397	2696	10000	Quantitative
DIQDSLTVSNEVQTAK	CAPZA2	10	C	25766	1700	10000	Quantitative
DIQDSLTVSNEVQTAK	CAPZA2	11	A	141120	7152	20000	Quantitative
DIQDSLTVSNEVQTAK	CAPZA2	11	B	147136	7527	20000	Quantitative
DIQDSLTVSNEVQTAK	CAPZA2	11	C	97971	4385	20000	Quantitative
DIQDSLTVSNEVQTAK	CAPZA2	12	A	300755	12507	40000	Quantitative
DIQDSLTVSNEVQTAK	CAPZA2	12	B	347710	14409	40000	Quantitative
DIQDSLTVSNEVQTAK	CAPZA2	12	C	262776	11502	40000	Quantitative
TALALEVGDIVK	CRKL	1	A	191713	9606	19.53125	Non-Quantitative
TALALEVGDIVK	CRKL	1	B	79985	5279	19.53125	Non-Quantitative
TALALEVGDIVK	CRKL	1	C	100039	7729	19.53125	Non-Quantitative
TALALEVGDIVK	CRKL	2	A	189346	8607	39.0625	Non-Quantitative
TALALEVGDIVK	CRKL	2	B	55038	4262	39.0625	Non-Quantitative
TALALEVGDIVK	CRKL	2	C	51280	3215	39.0625	Non-Quantitative
TALALEVGDIVK	CRKL	3	A	40019	2877	78.125	Non-Quantitative
TALALEVGDIVK	CRKL	3	B	34331	3596	78.125	Non-Quantitative
TALALEVGDIVK	CRKL	3	C	34553	3080	78.125	Non-Quantitative
TALALEVGDIVK	CRKL	4	A	199524	8154	156.25	Non-Quantitative
TALALEVGDIVK	CRKL	4	B	130422	7024	156.25	Non-Quantitative
TALALEVGDIVK	CRKL	4	C	123940	7164	156.25	Non-Quantitative
TALALEVGDIVK	CRKL	5	A	248192	15001	312.5	Non-Quantitative
TALALEVGDIVK	CRKL	5	B	187151	9774	312.5	Non-Quantitative
TALALEVGDIVK	CRKL	5	C	138922	6887	312.5	Non-Quantitative
TALALEVGDIVK	CRKL	6	A	109105	5851	625	Non-Quantitative
TALALEVGDIVK	CRKL	6	B	88623	5623	625	Non-Quantitative
TALALEVGDIVK	CRKL	6	C	77579	4614	625	Non-Quantitative
TALALEVGDIVK	CRKL	7	A	209820	18630	1250	Quantitative
TALALEVGDIVK	CRKL	7	B	50198	3460	1250	Quantitative
TALALEVGDIVK	CRKL	7	C	23904	3589	1250	Quantitative
TALALEVGDIVK	CRKL	8	A	988290	45177	2500	Quantitative
TALALEVGDIVK	CRKL	8	B	404291	21564	2500	Quantitative
TALALEVGDIVK	CRKL	8	C	257103	14733	2500	Quantitative
TALALEVGDIVK	CRKL	9	A	2737399	131251	5000	Quantitative
TALALEVGDIVK	CRKL	9	B	1053913	54600	5000	Quantitative
TALALEVGDIVK	CRKL	9	C	751643	34517	5000	Quantitative
TALALEVGDIVK	CRKL	10	A	7067195	299304	10000	Quantitative
TALALEVGDIVK	CRKL	10	B	1962102	97720	10000	Quantitative
TALALEVGDIVK	CRKL	10	C	2009330	97658	10000	Quantitative
TALALEVGDIVK	CRKL	11	A	13011815	586080	20000	Quantitative
TALALEVGDIVK	CRKL	11	B	7869309	332350	20000	Quantitative
TALALEVGDIVK	CRKL	11	C	6457240	259594	20000	Quantitative
TALALEVGDIVK	CRKL	12	A	54284876	1809884	40000	Quantitative
TALALEVGDIVK	CRKL	12	B	42347316	1515239	40000	Quantitative
TALALEVGDIVK	CRKL	12	C	40988252	1377727	40000	Quantitative
LYGFPYK	DC1L1	1	A	109926	6675	19.53125	Non-Quantitative
LYGFPYK	DC1L1	1	B	313942	23075	19.53125	Non-Quantitative
LYGFPYK	DC1L1	1	C	60277	4730	19.53125	Non-Quantitative
LYGFPYK	DC1L1	2	A	189020	11626	39.0625	Non-Quantitative
LYGFPYK	DC1L1	2	B	185076	13863	39.0625	Non-Quantitative
LYGFPYK	DC1L1	2	C	25580	3197	39.0625	Non-Quantitative
LYGFPYK	DC1L1	3	A	151122	7660	78.125	Non-Quantitative
LYGFPYK	DC1L1	3	B	18652	2156	78.125	Non-Quantitative
LYGFPYK	DC1L1	3	C	22781	2593	78.125	Non-Quantitative
LYGFPYK	DC1L1	4	A	570659	38980	156.25	Non-Quantitative
LYGFPYK	DC1L1	4	B	144315	9572	156.25	Non-Quantitative
LYGFPYK	DC1L1	4	C	418200	23507	156.25	Non-Quantitative
LYGFPYK	DC1L1	5	A	770831	50598	312.5	Non-Quantitative
LYGFPYK	DC1L1	5	B	236993	15286	312.5	Non-Quantitative
LYGFPYK	DC1L1	5	C	823134	53509	312.5	Non-Quantitative
LYGFPYK	DC1L1	6	A	945204	56618	625	Quantitative
LYGFPYK	DC1L1	6	B	274252	20283	625	Quantitative
LYGFPYK	DC1L1	6	C	642640	44502	625	Quantitative
LYGFPYK	DC1L1	7	A	611159	35451	1250	Quantitative
LYGFPYK	DC1L1	7	B	718311	44407	1250	Quantitative
LYGFPYK	DC1L1	7	C	1434556	86203	1250	Quantitative
LYGFPYK	DC1L1	8	A	3766111	221436	2500	Quantitative
LYGFPYK	DC1L1	8	B	4744057	235261	2500	Quantitative
LYGFPYK	DC1L1	8	C	5141561	318936	2500	Quantitative
LYGFPYK	DC1L1	9	A	6204262	411907	5000	Quantitative
LYGFPYK	DC1L1	9	B	5992410	339021	5000	Quantitative
LYGFPYK	DC1L1	9	C	3660617	214128	5000	Quantitative
LYGFPYK	DC1L1	10	A	25154950	1699300	10000	Quantitative
LYGFPYK	DC1L1	10	B	20370776	1117700	10000	Quantitative
LYGFPYK	DC1L1	10	C	19197622	1137356	10000	Quantitative
LYGFPYK	DC1L1	11	A	49665304	2645125	20000	Quantitative
LYGFPYK	DC1L1	11	B	55406316	2744737	20000	Quantitative
LYGFPYK	DC1L1	11	C	35829592	2322074	20000	Quantitative
LYGFPYK	DC1L1	12	A	124387264	7098554	40000	Quantitative
LYGFPYK	DC1L1	12	B	107423784	6286908	40000	Quantitative
LYGFPYK	DC1L1	12	C	125295368	6684848	40000	Quantitative
ALLEGYNK	DCTN3	1	A	70250	5458	19.53125	Non-Quantitative
ALLEGYNK	DCTN3	1	B	87502	7446	19.53125	Non-Quantitative
ALLEGYNK	DCTN3	1	C	9224	1583	19.53125	Non-Quantitative
ALLEGYNK	DCTN3	2	A	216386	17164	39.0625	Non-Quantitative
ALLEGYNK	DCTN3	2	B	82989	7506	39.0625	Non-Quantitative
ALLEGYNK	DCTN3	2	C	66061	6593	39.0625	Non-Quantitative
ALLEGYNK	DCTN3	3	A	330617	25651	78.125	Non-Quantitative
ALLEGYNK	DCTN3	3	B	118366	8675	78.125	Non-Quantitative
ALLEGYNK	DCTN3	3	C	118129	8021	78.125	Non-Quantitative
ALLEGYNK	DCTN3	4	A	1081887	90761	156.25	Quantitative
ALLEGYNK	DCTN3	4	B	614952	59286	156.25	Quantitative
ALLEGYNK	DCTN3	4	C	955154	68535	156.25	Quantitative
ALLEGYNK	DCTN3	5	A	1734089	141857	312.5	Quantitative
ALLEGYNK	DCTN3	5	B	950449	75668	312.5	Quantitative
ALLEGYNK	DCTN3	5	C	1816118	140387	312.5	Quantitative
ALLEGYNK	DCTN3	6	A	3240437	279447	625	Quantitative
ALLEGYNK	DCTN3	6	B	3380060	309233	625	Quantitative
ALLEGYNK	DCTN3	6	C	3687066	275054	625	Quantitative
ALLEGYNK	DCTN3	7	A	6472568	444351	1250	Quantitative
ALLEGYNK	DCTN3	7	B	8757312	718372	1250	Quantitative
ALLEGYNK	DCTN3	7	C	7731214	586466	1250	Quantitative
ALLEGYNK	DCTN3	8	A	15658540	1188844	2500	Quantitative
ALLEGYNK	DCTN3	8	B	16398336	1037664	2500	Quantitative
ALLEGYNK	DCTN3	8	C	16106625	1467654	2500	Quantitative
ALLEGYNK	DCTN3	9	A	23410930	1691899	5000	Quantitative
ALLEGYNK	DCTN3	9	B	24708642	1650031	5000	Quantitative
ALLEGYNK	DCTN3	9	C	22688956	1603802	5000	Quantitative
ALLEGYNK	DCTN3	10	A	54184540	3040135	10000	Quantitative
ALLEGYNK	DCTN3	10	B	48731932	3325347	10000	Quantitative
ALLEGYNK	DCTN3	10	C	55430976	3669963	10000	Quantitative
ALLEGYNK	DCTN3	11	A	112743304	6856282	20000	Quantitative
ALLEGYNK	DCTN3	11	B	114340800	7662990	20000	Quantitative
ALLEGYNK	DCTN3	11	C	92121664	6562130	20000	Quantitative
ALLEGYNK	DCTN3	12	A	198972320	13925148	40000	Quantitative
ALLEGYNK	DCTN3	12	B	221327024	15031535	40000	Quantitative
ALLEGYNK	DCTN3	12	C	207804496	12593363	40000	Quantitative
VLVDGEEHVGFLK	EMC7	1	A	22105	1161	19.53125	Non-Quantitative
VLVDGEEHVGFLK	EMC7	1	B			19.53125	Non-Quantitative
VLVDGEEHVGFLK	EMC7	1	C	3929	724	19.53125	Non-Quantitative
VLVDGEEHVGFLK	EMC7	2	A			39.0625	Non-Quantitative
VLVDGEEHVGFLK	EMC7	2	B			39.0625	Non-Quantitative
VLVDGEEHVGFLK	EMC7	2	C			39.0625	Non-Quantitative
VLVDGEEHVGFLK	EMC7	3	A	3403	596	78.125	Non-Quantitative
VLVDGEEHVGFLK	EMC7	3	B			78.125	Non-Quantitative
VLVDGEEHVGFLK	EMC7	3	C			78.125	Non-Quantitative
VLVDGEEHVGFLK	EMC7	4	A	3718	676	156.25	Non-Quantitative
VLVDGEEHVGFLK	EMC7	4	B	4554	633	156.25	Non-Quantitative
VLVDGEEHVGFLK	EMC7	4	C			156.25	Non-Quantitative
VLVDGEEHVGFLK	EMC7	5	A			312.5	Non-Quantitative
VLVDGEEHVGFLK	EMC7	5	B			312.5	Non-Quantitative
VLVDGEEHVGFLK	EMC7	5	C			312.5	Non-Quantitative
VLVDGEEHVGFLK	EMC7	6	A	5805	1106	625	Non-Quantitative
VLVDGEEHVGFLK	EMC7	6	B			625	Non-Quantitative
VLVDGEEHVGFLK	EMC7	6	C			625	Non-Quantitative
VLVDGEEHVGFLK	EMC7	7	A			1250	Non-Quantitative
VLVDGEEHVGFLK	EMC7	7	B			1250	Non-Quantitative
VLVDGEEHVGFLK	EMC7	7	C			1250	Non-Quantitative
VLVDGEEHVGFLK	EMC7	8	A	108487	5036	2500	Quantitative
VLVDGEEHVGFLK	EMC7	8	B	53002	2141	2500	Quantitative
VLVDGEEHVGFLK	EMC7	8	C	34449	1752	2500	Quantitative
VLVDGEEHVGFLK	EMC7	9	A	310090	13774	5000	Quantitative
VLVDGEEHVGFLK	EMC7	9	B	139907	5607	5000	Quantitative
VLVDGEEHVGFLK	EMC7	9	C	111452	6074	5000	Quantitative
VLVDGEEHVGFLK	EMC7	10	A	970887	36632	10000	Quantitative
VLVDGEEHVGFLK	EMC7	10	B	426354	14670	10000	Quantitative
VLVDGEEHVGFLK	EMC7	10	C	454382	18414	10000	Quantitative
VLVDGEEHVGFLK	EMC7	11	A	2774791	87968	20000	Quantitative
VLVDGEEHVGFLK	EMC7	11	B	2019259	76770	20000	Quantitative
VLVDGEEHVGFLK	EMC7	11	C	2115513	75448	20000	Quantitative
VLVDGEEHVGFLK	EMC7	12	A	11793648	378169	40000	Quantitative
VLVDGEEHVGFLK	EMC7	12	B	10807474	341722	40000	Quantitative
VLVDGEEHVGFLK	EMC7	12	C	10617935	349287	40000	Quantitative
ETLEDGLPVHDGK	HMOX2	1	A	28469	2565	19.53125	Non-Quantitative
ETLEDGLPVHDGK	HMOX2	1	B	18656	2243	19.53125	Non-Quantitative
ETLEDGLPVHDGK	HMOX2	1	C	20048	2348	19.53125	Non-Quantitative
ETLEDGLPVHDGK	HMOX2	2	A	8987	1414	39.0625	Non-Quantitative
ETLEDGLPVHDGK	HMOX2	2	B	12687	1837	39.0625	Non-Quantitative
ETLEDGLPVHDGK	HMOX2	2	C	3159	620	39.0625	Non-Quantitative
ETLEDGLPVHDGK	HMOX2	3	A			78.125	Non-Quantitative
ETLEDGLPVHDGK	HMOX2	3	B	5764	1146	78.125	Non-Quantitative
ETLEDGLPVHDGK	HMOX2	3	C			78.125	Non-Quantitative
ETLEDGLPVHDGK	HMOX2	4	A	57983	4223	156.25	Non-Quantitative
ETLEDGLPVHDGK	HMOX2	4	B	30982	3119	156.25	Non-Quantitative
ETLEDGLPVHDGK	HMOX2	4	C	37135	2405	156.25	Non-Quantitative
ETLEDGLPVHDGK	HMOX2	5	A	104576	5978	312.5	Non-Quantitative
ETLEDGLPVHDGK	HMOX2	5	B	85728	5383	312.5	Non-Quantitative
ETLEDGLPVHDGK	HMOX2	5	C	77963	4127	312.5	Non-Quantitative
ETLEDGLPVHDGK	HMOX2	6	A	115738	7177	625	Quantitative
ETLEDGLPVHDGK	HMOX2	6	B	121925	6838	625	Quantitative
ETLEDGLPVHDGK	HMOX2	6	C	89218	4775	625	Quantitative
ETLEDGLPVHDGK	HMOX2	7	A	320729	15091	1250	Quantitative
ETLEDGLPVHDGK	HMOX2	7	B	248879	10988	1250	Quantitative
ETLEDGLPVHDGK	HMOX2	7	C	182921	9624	1250	Quantitative
ETLEDGLPVHDGK	HMOX2	8	A	1057720	49534	2500	Quantitative
ETLEDGLPVHDGK	HMOX2	8	B	742484	33695	2500	Quantitative
ETLEDGLPVHDGK	HMOX2	8	C	892410	42715	2500	Quantitative
ETLEDGLPVHDGK	HMOX2	9	A	1681975	76963	5000	Quantitative
ETLEDGLPVHDGK	HMOX2	9	B	888310	42063	5000	Quantitative
ETLEDGLPVHDGK	HMOX2	9	C	1066114	47631	5000	Quantitative
ETLEDGLPVHDGK	HMOX2	10	A	8912215	351430	10000	Quantitative
ETLEDGLPVHDGK	HMOX2	10	B	7042756	298891	10000	Quantitative
ETLEDGLPVHDGK	HMOX2	10	C	7936101	351256	10000	Quantitative
ETLEDGLPVHDGK	HMOX2	11	A	22604342	1042822	20000	Quantitative
ETLEDGLPVHDGK	HMOX2	11	B	21185438	902513	20000	Quantitative
ETLEDGLPVHDGK	HMOX2	11	C	20034492	871689	20000	Quantitative
ETLEDGLPVHDGK	HMOX2	12	A	55848140	2617088	40000	Quantitative
ETLEDGLPVHDGK	HMOX2	12	B	54541400	2441081	40000	Quantitative
ETLEDGLPVHDGK	HMOX2	12	C	57017676	2275275	40000	Quantitative
ISELGAGNGGVVFK	MAP2K1	1	A	60288	4554	19.53125	Non-Quantitative
ISELGAGNGGVVFK	MAP2K1	1	B	62433	4130	19.53125	Non-Quantitative
ISELGAGNGGVVFK	MAP2K1	1	C	50703	4485	19.53125	Non-Quantitative
ISELGAGNGGVVFK	MAP2K1	2	A	46110	3251	39.0625	Non-Quantitative
ISELGAGNGGVVFK	MAP2K1	2	B	32278	2462	39.0625	Non-Quantitative
ISELGAGNGGVVFK	MAP2K1	2	C	25547	2178	39.0625	Non-Quantitative
ISELGAGNGGVVFK	MAP2K1	3	A	6025	864	78.125	Non-Quantitative
ISELGAGNGGVVFK	MAP2K1	3	B	13788	1287	78.125	Non-Quantitative
ISELGAGNGGVVFK	MAP2K1	3	C	8172	1168	78.125	Non-Quantitative
ISELGAGNGGVVFK	MAP2K1	4	A	112084	6382	156.25	Non-Quantitative
ISELGAGNGGVVFK	MAP2K1	4	B	122756	8030	156.25	Non-Quantitative
ISELGAGNGGVVFK	MAP2K1	4	C	79357	6063	156.25	Non-Quantitative
ISELGAGNGGVVFK	MAP2K1	5	A	163482	10132	312.5	Non-Quantitative
ISELGAGNGGVVFK	MAP2K1	5	B	173340	10402	312.5	Non-Quantitative
ISELGAGNGGVVFK	MAP2K1	5	C	119849	8609	312.5	Non-Quantitative
ISELGAGNGGVVFK	MAP2K1	6	A	156183	10316	625	Quantitative
ISELGAGNGGVVFK	MAP2K1	6	B	154613	8442	625	Quantitative
ISELGAGNGGVVFK	MAP2K1	6	C	114434	6988	625	Quantitative
ISELGAGNGGVVFK	MAP2K1	7	A	289959	17939	1250	Quantitative
ISELGAGNGGVVFK	MAP2K1	7	B	222272	12528	1250	Quantitative
ISELGAGNGGVVFK	MAP2K1	7	C	178434	9751	1250	Quantitative
ISELGAGNGGVVFK	MAP2K1	8	A	1199241	67837	2500	Quantitative
ISELGAGNGGVVFK	MAP2K1	8	B	785072	42509	2500	Quantitative
ISELGAGNGGVVFK	MAP2K1	8	C	794271	40602	2500	Quantitative
ISELGAGNGGVVFK	MAP2K1	9	A	1910441	108966	5000	Quantitative
ISELGAGNGGVVFK	MAP2K1	9	B	1063712	55083	5000	Quantitative
ISELGAGNGGVVFK	MAP2K1	9	C	1143545	63081	5000	Quantitative
ISELGAGNGGVVFK	MAP2K1	10	A	8980158	455093	10000	Quantitative
ISELGAGNGGVVFK	MAP2K1	10	B	6511057	322816	10000	Quantitative
ISELGAGNGGVVFK	MAP2K1	10	C	6956742	374088	10000	Quantitative
ISELGAGNGGVVFK	MAP2K1	11	A	21209480	1072932	20000	Quantitative
ISELGAGNGGVVFK	MAP2K1	11	B	19248250	916905	20000	Quantitative
ISELGAGNGGVVFK	MAP2K1	11	C	17888076	912072	20000	Quantitative
ISELGAGNGGVVFK	MAP2K1	12	A	47077248	2169320	40000	Quantitative
ISELGAGNGGVVFK	MAP2K1	12	B	48890744	2547129	40000	Quantitative
ISELGAGNGGVVFK	MAP2K1	12	C	57201976	2652695	40000	Quantitative
EQQILEK	MAP7	1	A	83395	5770	19.53125	Non-Quantitative
EQQILEK	MAP7	1	B	70007	6102	19.53125	Non-Quantitative
EQQILEK	MAP7	1	C	27323	2735	19.53125	Non-Quantitative
EQQILEK	MAP7	2	A	251831	16625	39.0625	Quantitative
EQQILEK	MAP7	2	B	153045	9242	39.0625	Quantitative
EQQILEK	MAP7	2	C	92636	6093	39.0625	Quantitative
EQQILEK	MAP7	3	A	278902	16526	78.125	Quantitative
EQQILEK	MAP7	3	B	214947	14179	78.125	Quantitative
EQQILEK	MAP7	3	C	399554	27956	78.125	Quantitative
EQQILEK	MAP7	4	A	1035305	64571	156.25	Quantitative
EQQILEK	MAP7	4	B	821086	57144	156.25	Quantitative
EQQILEK	MAP7	4	C	1045170	78161	156.25	Quantitative
EQQILEK	MAP7	5	A	1680787	123534	312.5	Quantitative
EQQILEK	MAP7	5	B	1949300	104285	312.5	Quantitative
EQQILEK	MAP7	5	C	2039235	136418	312.5	Quantitative
EQQILEK	MAP7	6	A	4105573	291501	625	Quantitative
EQQILEK	MAP7	6	B	3580851	223821	625	Quantitative
EQQILEK	MAP7	6	C	3570892	216531	625	Quantitative
EQQILEK	MAP7	7	A	6985074	469789	1250	Quantitative
EQQILEK	MAP7	7	B	7595365	506476	1250	Quantitative
EQQILEK	MAP7	7	C	6784773	435961	1250	Quantitative
EQQILEK	MAP7	8	A	13395979	840513	2500	Quantitative
EQQILEK	MAP7	8	B	12503870	685290	2500	Quantitative
EQQILEK	MAP7	8	C	12800654	777558	2500	Quantitative
EQQILEK	MAP7	9	A	18699260	1019151	5000	Quantitative
EQQILEK	MAP7	9	B	20862028	1367103	5000	Quantitative
EQQILEK	MAP7	9	C	20457972	1192249	5000	Quantitative
EQQILEK	MAP7	10	A	38096296	2489323	10000	Quantitative
EQQILEK	MAP7	10	B	39341956	2662726	10000	Quantitative
EQQILEK	MAP7	10	C	40818148	2185557	10000	Quantitative
EQQILEK	MAP7	11	A	84675008	6303687	20000	Quantitative
EQQILEK	MAP7	11	B	79581856	5268834	20000	Quantitative
EQQILEK	MAP7	11	C	57135656	3545323	20000	Quantitative
EQQILEK	MAP7	12	A	136825600	8600875	40000	Quantitative
EQQILEK	MAP7	12	B	147209376	9925755	40000	Quantitative
EQQILEK	MAP7	12	C	142513856	9446979	40000	Quantitative
QGQDVAPPPNPGDQIFNK	MARE3	1	A	91109	7114	19.53125	Non-Quantitative
QGQDVAPPPNPGDQIFNK	MARE3	1	B	61390	5103	19.53125	Non-Quantitative
QGQDVAPPPNPGDQIFNK	MARE3	1	C	74344	6542	19.53125	Non-Quantitative
QGQDVAPPPNPGDQIFNK	MARE3	2	A	34061	3165	39.0625	Non-Quantitative
QGQDVAPPPNPGDQIFNK	MARE3	2	B	35357	3144	39.0625	Non-Quantitative
QGQDVAPPPNPGDQIFNK	MARE3	2	C	40458	3821	39.0625	Non-Quantitative
QGQDVAPPPNPGDQIFNK	MARE3	3	A	11754	1617	78.125	Non-Quantitative
QGQDVAPPPNPGDQIFNK	MARE3	3	B	30438	2191	78.125	Non-Quantitative
QGQDVAPPPNPGDQIFNK	MARE3	3	C	11019	1535	78.125	Non-Quantitative
QGQDVAPPPNPGDQIFNK	MARE3	4	A	134206	9270	156.25	Non-Quantitative
QGQDVAPPPNPGDQIFNK	MARE3	4	B	149786	10919	156.25	Non-Quantitative
QGQDVAPPPNPGDQIFNK	MARE3	4	C	94378	7432	156.25	Non-Quantitative
QGQDVAPPPNPGDQIFNK	MARE3	5	A	270584	16953	312.5	Non-Quantitative
QGQDVAPPPNPGDQIFNK	MARE3	5	B	295095	21678	312.5	Non-Quantitative
QGQDVAPPPNPGDQIFNK	MARE3	5	C	233797	15977	312.5	Non-Quantitative
QGQDVAPPPNPGDQIFNK	MARE3	6	A	139124	11361	625	Quantitative
QGQDVAPPPNPGDQIFNK	MARE3	6	B	205926	13742	625	Quantitative
QGQDVAPPPNPGDQIFNK	MARE3	6	C	126945	9874	625	Quantitative
QGQDVAPPPNPGDQIFNK	MARE3	7	A	332032	22437	1250	Quantitative
QGQDVAPPPNPGDQIFNK	MARE3	7	B	250004	16646	1250	Quantitative
QGQDVAPPPNPGDQIFNK	MARE3	7	C	192605	11062	1250	Quantitative
QGQDVAPPPNPGDQIFNK	MARE3	8	A	1729761	104364	2500	Quantitative
QGQDVAPPPNPGDQIFNK	MARE3	8	B	1087160	69070	2500	Quantitative
QGQDVAPPPNPGDQIFNK	MARE3	8	C	968341	58697	2500	Quantitative
QGQDVAPPPNPGDQIFNK	MARE3	9	A	2851679	167603	5000	Quantitative
QGQDVAPPPNPGDQIFNK	MARE3	9	B	1434629	77834	5000	Quantitative
QGQDVAPPPNPGDQIFNK	MARE3	9	C	1596592	103717	5000	Quantitative
QGQDVAPPPNPGDQIFNK	MARE3	10	A	13558668	825366	10000	Quantitative
QGQDVAPPPNPGDQIFNK	MARE3	10	B	9691518	574828	10000	Quantitative
QGQDVAPPPNPGDQIFNK	MARE3	10	C	10539913	567723	10000	Quantitative
QGQDVAPPPNPGDQIFNK	MARE3	11	A	29626870	1578803	20000	Quantitative
QGQDVAPPPNPGDQIFNK	MARE3	11	B	27750842	1433443	20000	Quantitative
QGQDVAPPPNPGDQIFNK	MARE3	11	C	28601714	1406524	20000	Quantitative
QGQDVAPPPNPGDQIFNK	MARE3	12	A	69283256	3342094	40000	Quantitative
QGQDVAPPPNPGDQIFNK	MARE3	12	B	66839852	3723077	40000	Quantitative
QGQDVAPPPNPGDQIFNK	MARE3	12	C	82085096	4363984	40000	Quantitative
EVLNAETIEIK	NCAM2	1	A	161527	6633	19.53125	Non-Quantitative
EVLNAETIEIK	NCAM2	1	B	85924	3019	19.53125	Non-Quantitative
EVLNAETIEIK	NCAM2	1	C	92830	3126	19.53125	Non-Quantitative
EVLNAETIEIK	NCAM2	2	A	124319	4409	39.0625	Non-Quantitative
EVLNAETIEIK	NCAM2	2	B	56218	2303	39.0625	Non-Quantitative
EVLNAETIEIK	NCAM2	2	C	67376	2510	39.0625	Non-Quantitative
EVLNAETIEIK	NCAM2	3	A	58567	2604	78.125	Non-Quantitative
EVLNAETIEIK	NCAM2	3	B	54795	2463	78.125	Non-Quantitative
EVLNAETIEIK	NCAM2	3	C	55419	2023	78.125	Non-Quantitative
EVLNAETIEIK	NCAM2	4	A	238648	8903	156.25	Non-Quantitative
EVLNAETIEIK	NCAM2	4	B	250797	9033	156.25	Non-Quantitative
EVLNAETIEIK	NCAM2	4	C	227162	7677	156.25	Non-Quantitative
EVLNAETIEIK	NCAM2	5	A	342735	11963	312.5	Non-Quantitative
EVLNAETIEIK	NCAM2	5	B	304516	10129	312.5	Non-Quantitative
EVLNAETIEIK	NCAM2	5	C	242159	7817	312.5	Non-Quantitative
EVLNAETIEIK	NCAM2	6	A	302131	10830	625	Quantitative
EVLNAETIEIK	NCAM2	6	B	315092	10690	625	Quantitative
EVLNAETIEIK	NCAM2	6	C	214914	7088	625	Quantitative
EVLNAETIEIK	NCAM2	7	A	567006	18734	1250	Quantitative
EVLNAETIEIK	NCAM2	7	B	483664	18247	1250	Quantitative
EVLNAETIEIK	NCAM2	7	C	321187	12268	1250	Quantitative
EVLNAETIEIK	NCAM2	8	A	1961576	58201	2500	Quantitative
EVLNAETIEIK	NCAM2	8	B	1333162	38370	2500	Quantitative
EVLNAETIEIK	NCAM2	8	C	1091606	32407	2500	Quantitative
EVLNAETIEIK	NCAM2	9	A	4053281	127735	5000	Quantitative
EVLNAETIEIK	NCAM2	9	B	2041268	57885	5000	Quantitative
EVLNAETIEIK	NCAM2	9	C	2089464	69818	5000	Quantitative
EVLNAETIEIK	NCAM2	10	A	12494204	380587	10000	Quantitative
EVLNAETIEIK	NCAM2	10	B	8484844	251062	10000	Quantitative
EVLNAETIEIK	NCAM2	10	C	9392664	296190	10000	Quantitative
EVLNAETIEIK	NCAM2	11	A	26809240	742468	20000	Quantitative
EVLNAETIEIK	NCAM2	11	B	25482518	754001	20000	Quantitative
EVLNAETIEIK	NCAM2	11	C	25607086	710993	20000	Quantitative
EVLNAETIEIK	NCAM2	12	A	73720136	2035761	40000	Quantitative
EVLNAETIEIK	NCAM2	12	B	68490208	2261441	40000	Quantitative
EVLNAETIEIK	NCAM2	12	C	80684272	2334219	40000	Quantitative
ITNHEDGSPVNEPNETTPLTEPEK	NCAM2	1	A	40907	2193	19.53125	Non-Quantitative
ITNHEDGSPVNEPNETTPLTEPEK	NCAM2	1	B	18484	1470	19.53125	Non-Quantitative
ITNHEDGSPVNEPNETTPLTEPEK	NCAM2	1	C	8167	922	19.53125	Non-Quantitative
ITNHEDGSPVNEPNETTPLTEPEK	NCAM2	2	A	25294	1723	39.0625	Non-Quantitative
ITNHEDGSPVNEPNETTPLTEPEK	NCAM2	2	B	7330	1241	39.0625	Non-Quantitative
ITNHEDGSPVNEPNETTPLTEPEK	NCAM2	2	C	7129	1245	39.0625	Non-Quantitative
ITNHEDGSPVNEPNETTPLTEPEK	NCAM2	3	A	4956	993	78.125	Non-Quantitative
ITNHEDGSPVNEPNETTPLTEPEK	NCAM2	3	B	8069	816	78.125	Non-Quantitative
ITNHEDGSPVNEPNETTPLTEPEK	NCAM2	3	C			78.125	Non-Quantitative
ITNHEDGSPVNEPNETTPLTEPEK	NCAM2	4	A	83905	3807	156.25	Non-Quantitative
ITNHEDGSPVNEPNETTPLTEPEK	NCAM2	4	B	49318	3010	156.25	Non-Quantitative
ITNHEDGSPVNEPNETTPLTEPEK	NCAM2	4	C	51742	3147	156.25	Non-Quantitative
ITNHEDGSPVNEPNETTPLTEPEK	NCAM2	5	A	128818	5327	312.5	Non-Quantitative
ITNHEDGSPVNEPNETTPLTEPEK	NCAM2	5	B	86916	3590	312.5	Non-Quantitative
ITNHEDGSPVNEPNETTPLTEPEK	NCAM2	5	C	112056	4892	312.5	Non-Quantitative
ITNHEDGSPVNEPNETTPLTEPEK	NCAM2	6	A	106596	4102	625	Non-Quantitative
ITNHEDGSPVNEPNETTPLTEPEK	NCAM2	6	B	85723	3810	625	Non-Quantitative
ITNHEDGSPVNEPNETTPLTEPEK	NCAM2	6	C	96938	4589	625	Non-Quantitative
ITNHEDGSPVNEPNETTPLTEPEK	NCAM2	7	A	120662	6185	1250	Quantitative
ITNHEDGSPVNEPNETTPLTEPEK	NCAM2	7	B	99262	3812	1250	Quantitative
ITNHEDGSPVNEPNETTPLTEPEK	NCAM2	7	C	86844	4195	1250	Quantitative
ITNHEDGSPVNEPNETTPLTEPEK	NCAM2	8	A	935894	36525	2500	Quantitative
ITNHEDGSPVNEPNETTPLTEPEK	NCAM2	8	B	723592	23594	2500	Quantitative
ITNHEDGSPVNEPNETTPLTEPEK	NCAM2	8	C	742669	29302	2500	Quantitative
ITNHEDGSPVNEPNETTPLTEPEK	NCAM2	9	A	1710445	68292	5000	Quantitative
ITNHEDGSPVNEPNETTPLTEPEK	NCAM2	9	B	887666	31790	5000	Quantitative
ITNHEDGSPVNEPNETTPLTEPEK	NCAM2	9	C	756384	26587	5000	Quantitative
ITNHEDGSPVNEPNETTPLTEPEK	NCAM2	10	A	7388318	286127	10000	Quantitative
ITNHEDGSPVNEPNETTPLTEPEK	NCAM2	10	B	5334686	155309	10000	Quantitative
ITNHEDGSPVNEPNETTPLTEPEK	NCAM2	10	C	5821926	226809	10000	Quantitative
ITNHEDGSPVNEPNETTPLTEPEK	NCAM2	11	A	17909944	591898	20000	Quantitative
ITNHEDGSPVNEPNETTPLTEPEK	NCAM2	11	B	17841024	659606	20000	Quantitative
ITNHEDGSPVNEPNETTPLTEPEK	NCAM2	11	C	14431220	483425	20000	Quantitative
ITNHEDGSPVNEPNETTPLTEPEK	NCAM2	12	A	61942232	1919326	40000	Quantitative
ITNHEDGSPVNEPNETTPLTEPEK	NCAM2	12	B	76771240	2836743	40000	Quantitative
ITNHEDGSPVNEPNETTPLTEPEK	NCAM2	12	C	76524048	2647123	40000	Quantitative
VSNDIIQSK	NCAM2	1	A	273991	14874	19.53125	Non-Quantitative
VSNDIIQSK	NCAM2	1	B	289257	16969	19.53125	Non-Quantitative
VSNDIIQSK	NCAM2	1	C	215301	13200	19.53125	Non-Quantitative
VSNDIIQSK	NCAM2	2	A	694470	34406	39.0625	Quantitative
VSNDIIQSK	NCAM2	2	B	624078	34763	39.0625	Quantitative
VSNDIIQSK	NCAM2	2	C	647409	36436	39.0625	Quantitative
VSNDIIQSK	NCAM2	3	A	1017044	49039	78.125	Quantitative
VSNDIIQSK	NCAM2	3	B	1168801	66095	78.125	Quantitative
VSNDIIQSK	NCAM2	3	C	1129260	67043	78.125	Quantitative
VSNDIIQSK	NCAM2	4	A	3000187	154164	156.25	Quantitative
VSNDIIQSK	NCAM2	4	B	2923889	139736	156.25	Quantitative
VSNDIIQSK	NCAM2	4	C	2774961	137770	156.25	Quantitative
VSNDIIQSK	NCAM2	5	A	5342609	265049	312.5	Quantitative
VSNDIIQSK	NCAM2	5	B	5554713	269191	312.5	Quantitative
VSNDIIQSK	NCAM2	5	C	5092046	249336	312.5	Quantitative
VSNDIIQSK	NCAM2	6	A	11827438	584467	625	Quantitative
VSNDIIQSK	NCAM2	6	B	11285190	557535	625	Quantitative
VSNDIIQSK	NCAM2	6	C	9876547	452737	625	Quantitative
VSNDIIQSK	NCAM2	7	A	18918856	932269	1250	Quantitative
VSNDIIQSK	NCAM2	7	B	17211992	880421	1250	Quantitative
VSNDIIQSK	NCAM2	7	C	17342184	903728	1250	Quantitative
VSNDIIQSK	NCAM2	8	A	35089148	1484147	2500	Quantitative
VSNDIIQSK	NCAM2	8	B	33592384	1651443	2500	Quantitative
VSNDIIQSK	NCAM2	8	C	35352084	1495144	2500	Quantitative
VSNDIIQSK	NCAM2	9	A	53795476	2502324	5000	Quantitative
VSNDIIQSK	NCAM2	9	B	54956656	2945527	5000	Quantitative
VSNDIIQSK	NCAM2	9	C	55428256	2932735	5000	Quantitative
VSNDIIQSK	NCAM2	10	A	112959984	5482104	10000	Quantitative
VSNDIIQSK	NCAM2	10	B	97012656	4452475	10000	Quantitative
VSNDIIQSK	NCAM2	10	C	117707800	5437437	10000	Quantitative
VSNDIIQSK	NCAM2	11	A	249006800	13274066	20000	Quantitative
VSNDIIQSK	NCAM2	11	B	245060832	11755514	20000	Quantitative
VSNDIIQSK	NCAM2	11	C	179136272	8881984	20000	Quantitative
VSNDIIQSK	NCAM2	12	A	405594624	23574808	40000	Quantitative
VSNDIIQSK	NCAM2	12	B	481470720	27848188	40000	Quantitative
VSNDIIQSK	NCAM2	12	C	443078080	23145086	40000	Quantitative
VVEQMCVTQYQK	PRNP_Mouse	1	A	4094	1034	19.53125	Non-Quantitative
VVEQMCVTQYQK	PRNP_Mouse	1	B	12553	1941	19.53125	Non-Quantitative
VVEQMCVTQYQK	PRNP_Mouse	1	C			19.53125	Non-Quantitative
VVEQMCVTQYQK	PRNP_Mouse	2	A	14405	1955	39.0625	Non-Quantitative
VVEQMCVTQYQK	PRNP_Mouse	2	B	7945	1458	39.0625	Non-Quantitative
VVEQMCVTQYQK	PRNP_Mouse	2	C	7370	1239	39.0625	Non-Quantitative
VVEQMCVTQYQK	PRNP_Mouse	3	A			78.125	Non-Quantitative
VVEQMCVTQYQK	PRNP_Mouse	3	B	9081	1594	78.125	Non-Quantitative
VVEQMCVTQYQK	PRNP_Mouse	3	C	3674	1177	78.125	Non-Quantitative
VVEQMCVTQYQK	PRNP_Mouse	4	A	36657	2397	156.25	Non-Quantitative
VVEQMCVTQYQK	PRNP_Mouse	4	B	49316	3218	156.25	Non-Quantitative
VVEQMCVTQYQK	PRNP_Mouse	4	C	12053	2362	156.25	Non-Quantitative
VVEQMCVTQYQK	PRNP_Mouse	5	A	62574	3305	312.5	Non-Quantitative
VVEQMCVTQYQK	PRNP_Mouse	5	B	64282	4455	312.5	Non-Quantitative
VVEQMCVTQYQK	PRNP_Mouse	5	C	60893	3613	312.5	Non-Quantitative
VVEQMCVTQYQK	PRNP_Mouse	6	A	113609	5596	625	Quantitative
VVEQMCVTQYQK	PRNP_Mouse	6	B	111119	6056	625	Quantitative
VVEQMCVTQYQK	PRNP_Mouse	6	C	84381	4634	625	Quantitative
VVEQMCVTQYQK	PRNP_Mouse	7	A	279886	16467	1250	Quantitative
VVEQMCVTQYQK	PRNP_Mouse	7	B	221096	10826	1250	Quantitative
VVEQMCVTQYQK	PRNP_Mouse	7	C	196454	10918	1250	Quantitative
VVEQMCVTQYQK	PRNP_Mouse	8	A	822469	46964	2500	Quantitative
VVEQMCVTQYQK	PRNP_Mouse	8	B	606526	30702	2500	Quantitative
VVEQMCVTQYQK	PRNP_Mouse	8	C	709386	34123	2500	Quantitative
VVEQMCVTQYQK	PRNP_Mouse	9	A	1293991	60568	5000	Quantitative
VVEQMCVTQYQK	PRNP_Mouse	9	B	1084968	52787	5000	Quantitative
VVEQMCVTQYQK	PRNP_Mouse	9	C	1267314	72125	5000	Quantitative
VVEQMCVTQYQK	PRNP_Mouse	10	A	5345755	231677	10000	Quantitative
VVEQMCVTQYQK	PRNP_Mouse	10	B	4064111	193103	10000	Quantitative
VVEQMCVTQYQK	PRNP_Mouse	10	C	4315028	220967	10000	Quantitative
VVEQMCVTQYQK	PRNP_Mouse	11	A	11970853	567553	20000	Quantitative
VVEQMCVTQYQK	PRNP_Mouse	11	B	12719905	569926	20000	Quantitative
VVEQMCVTQYQK	PRNP_Mouse	11	C	10376693	497677	20000	Quantitative
VVEQMCVTQYQK	PRNP_Mouse	12	A	24961912	1084779	40000	Quantitative
VVEQMCVTQYQK	PRNP_Mouse	12	B	31293174	1415304	40000	Quantitative
VVEQMCVTQYQK	PRNP_Mouse	12	C	29767530	1289986	40000	Quantitative
GENFTETDVK	PRNP_Shared	1	A	74472	4809	19.53125	Non-Quantitative
GENFTETDVK	PRNP_Shared	1	B	73806	6173	19.53125	Non-Quantitative
GENFTETDVK	PRNP_Shared	1	C	74719	5837	19.53125	Non-Quantitative
GENFTETDVK	PRNP_Shared	2	A	192744	13088	39.0625	Quantitative
GENFTETDVK	PRNP_Shared	2	B	221632	14377	39.0625	Quantitative
GENFTETDVK	PRNP_Shared	2	C	235094	14585	39.0625	Quantitative
GENFTETDVK	PRNP_Shared	3	A	287327	16777	78.125	Quantitative
GENFTETDVK	PRNP_Shared	3	B	332157	23118	78.125	Quantitative
GENFTETDVK	PRNP_Shared	3	C	340838	21357	78.125	Quantitative
GENFTETDVK	PRNP_Shared	4	A	873847	58213	156.25	Quantitative
GENFTETDVK	PRNP_Shared	4	B	1112798	63413	156.25	Quantitative
GENFTETDVK	PRNP_Shared	4	C	842866	54907	156.25	Quantitative
GENFTETDVK	PRNP_Shared	5	A	1855843	120913	312.5	Quantitative
GENFTETDVK	PRNP_Shared	5	B	1926889	116841	312.5	Quantitative
GENFTETDVK	PRNP_Shared	5	C	1678953	98230	312.5	Quantitative
GENFTETDVK	PRNP_Shared	6	A	4747529	346958	625	Quantitative
GENFTETDVK	PRNP_Shared	6	B	4005554	241602	625	Quantitative
GENFTETDVK	PRNP_Shared	6	C	3749990	227183	625	Quantitative
GENFTETDVK	PRNP_Shared	7	A	7413825	439594	1250	Quantitative
GENFTETDVK	PRNP_Shared	7	B	7126464	405004	1250	Quantitative
GENFTETDVK	PRNP_Shared	7	C	6648232	444982	1250	Quantitative
GENFTETDVK	PRNP_Shared	8	A	14966751	800383	2500	Quantitative
GENFTETDVK	PRNP_Shared	8	B	12718763	734299	2500	Quantitative
GENFTETDVK	PRNP_Shared	8	C	14526282	790985	2500	Quantitative
GENFTETDVK	PRNP_Shared	9	A	22114418	1309104	5000	Quantitative
GENFTETDVK	PRNP_Shared	9	B	20612572	1145999	5000	Quantitative
GENFTETDVK	PRNP_Shared	9	C	17482950	862510	5000	Quantitative
GENFTETDVK	PRNP_Shared	10	A	42137272	2409445	10000	Quantitative
GENFTETDVK	PRNP_Shared	10	B	40668536	2465313	10000	Quantitative
GENFTETDVK	PRNP_Shared	10	C	41910564	2401910	10000	Quantitative
GENFTETDVK	PRNP_Shared	11	A	92534344	5678856	20000	Quantitative
GENFTETDVK	PRNP_Shared	11	B	91987912	5437430	20000	Quantitative
GENFTETDVK	PRNP_Shared	11	C	75266392	4238159	20000	Quantitative
GENFTETDVK	PRNP_Shared	12	A	155264672	9333462	40000	Quantitative
GENFTETDVK	PRNP_Shared	12	B	175197856	9956855	40000	Quantitative
GENFTETDVK	PRNP_Shared	12	C	164881360	9394221	40000	Quantitative
QHTVTTTTK	PRNP_Shared	1	A	1797	1090	19.53125	Non-Quantitative
QHTVTTTTK	PRNP_Shared	1	B	22441	7615	19.53125	Non-Quantitative
QHTVTTTTK	PRNP_Shared	1	C	3107	1103	19.53125	Non-Quantitative
QHTVTTTTK	PRNP_Shared	2	A			39.0625	Non-Quantitative
QHTVTTTTK	PRNP_Shared	2	B	3425	2060	39.0625	Non-Quantitative
QHTVTTTTK	PRNP_Shared	2	C	1805	1128	39.0625	Non-Quantitative
QHTVTTTTK	PRNP_Shared	3	A	10184	3936	78.125	Non-Quantitative
QHTVTTTTK	PRNP_Shared	3	B	211677	64783	78.125	Non-Quantitative
QHTVTTTTK	PRNP_Shared	3	C	116583	36189	78.125	Non-Quantitative
QHTVTTTTK	PRNP_Shared	4	A	626358	212687	156.25	Non-Quantitative
QHTVTTTTK	PRNP_Shared	4	B	55529	17677	156.25	Non-Quantitative
QHTVTTTTK	PRNP_Shared	4	C	2767	1653	156.25	Non-Quantitative
QHTVTTTTK	PRNP_Shared	5	A	163023	57784	312.5	Non-Quantitative
QHTVTTTTK	PRNP_Shared	5	B	56639	19056	312.5	Non-Quantitative
QHTVTTTTK	PRNP_Shared	5	C	369408	120161	312.5	Non-Quantitative
QHTVTTTTK	PRNP_Shared	6	A	1951025	620010	625	Non-Quantitative
QHTVTTTTK	PRNP_Shared	6	B	21702	7931	625	Non-Quantitative
QHTVTTTTK	PRNP_Shared	6	C	1296072	433329	625	Non-Quantitative
QHTVTTTTK	PRNP_Shared	7	A	55526	17015	1250	Non-Quantitative
QHTVTTTTK	PRNP_Shared	7	B	3054993	991268	1250	Non-Quantitative
QHTVTTTTK	PRNP_Shared	7	C	1470886	483720	1250	Non-Quantitative
QHTVTTTTK	PRNP_Shared	8	A	35565	11353	2500	Non-Quantitative
QHTVTTTTK	PRNP_Shared	8	B	3731435	1125904	2500	Non-Quantitative
QHTVTTTTK	PRNP_Shared	8	C	2343433	744613	2500	Non-Quantitative
QHTVTTTTK	PRNP_Shared	9	A	5191067	1485069	5000	Non-Quantitative
QHTVTTTTK	PRNP_Shared	9	B	1842811	542926	5000	Non-Quantitative
QHTVTTTTK	PRNP_Shared	9	C	96077	33277	5000	Non-Quantitative
QHTVTTTTK	PRNP_Shared	10	A	9996910	2992894	10000	Non-Quantitative
QHTVTTTTK	PRNP_Shared	10	B	425432	115345	10000	Non-Quantitative
QHTVTTTTK	PRNP_Shared	10	C	3409573	911276	10000	Non-Quantitative
QHTVTTTTK	PRNP_Shared	11	A	5850338	1972718	20000	Non-Quantitative
QHTVTTTTK	PRNP_Shared	11	B	2137340	741284	20000	Non-Quantitative
QHTVTTTTK	PRNP_Shared	11	C	429212	72900	20000	Non-Quantitative
QHTVTTTTK	PRNP_Shared	12	A	7167526	1482015	40000	Non-Quantitative
QHTVTTTTK	PRNP_Shared	12	B	9622244	2977301	40000	Non-Quantitative
QHTVTTTTK	PRNP_Shared	12	C	4844461	1598551	40000	Non-Quantitative
DEAWVLETVGK	SCRN1	1	A	19512	2320	19.53125	Non-Quantitative
DEAWVLETVGK	SCRN1	1	B	5160	2090	19.53125	Non-Quantitative
DEAWVLETVGK	SCRN1	1	C	5511	1523	19.53125	Non-Quantitative
DEAWVLETVGK	SCRN1	2	A	10742	2693	39.0625	Non-Quantitative
DEAWVLETVGK	SCRN1	2	B	3980	758	39.0625	Non-Quantitative
DEAWVLETVGK	SCRN1	2	C	2767	1260	39.0625	Non-Quantitative
DEAWVLETVGK	SCRN1	3	A	938	1126	78.125	Non-Quantitative
DEAWVLETVGK	SCRN1	3	B	945	642	78.125	Non-Quantitative
DEAWVLETVGK	SCRN1	3	C	3605	1037	78.125	Non-Quantitative
DEAWVLETVGK	SCRN1	4	A	40576	3374	156.25	Non-Quantitative
DEAWVLETVGK	SCRN1	4	B	27197	2429	156.25	Non-Quantitative
DEAWVLETVGK	SCRN1	4	C	5663	1297	156.25	Non-Quantitative
DEAWVLETVGK	SCRN1	5	A	29712	2594	312.5	Non-Quantitative
DEAWVLETVGK	SCRN1	5	B	17102	1939	312.5	Non-Quantitative
DEAWVLETVGK	SCRN1	5	C	11713	1410	312.5	Non-Quantitative
DEAWVLETVGK	SCRN1	6	A	23644	2125	625	Quantitative
DEAWVLETVGK	SCRN1	6	B	11370	1650	625	Quantitative
DEAWVLETVGK	SCRN1	6	C	10278	2080	625	Quantitative
DEAWVLETVGK	SCRN1	7	A	56471	3639	1250	Quantitative
DEAWVLETVGK	SCRN1	7	B	44715	2663	1250	Quantitative
DEAWVLETVGK	SCRN1	7	C	43698	3248	1250	Quantitative
DEAWVLETVGK	SCRN1	8	A	312672	14519	2500	Quantitative
DEAWVLETVGK	SCRN1	8	B	195018	10487	2500	Quantitative
DEAWVLETVGK	SCRN1	8	C	175948	10577	2500	Quantitative
DEAWVLETVGK	SCRN1	9	A	558990	31334	5000	Quantitative
DEAWVLETVGK	SCRN1	9	B	284907	11836	5000	Quantitative
DEAWVLETVGK	SCRN1	9	C	221055	10005	5000	Quantitative
DEAWVLETVGK	SCRN1	10	A	2976819	143328	10000	Quantitative
DEAWVLETVGK	SCRN1	10	B	1804358	77852	10000	Quantitative
DEAWVLETVGK	SCRN1	10	C	1958395	94902	10000	Quantitative
DEAWVLETVGK	SCRN1	11	A	8630446	410619	20000	Quantitative
DEAWVLETVGK	SCRN1	11	B	7269400	308478	20000	Quantitative
DEAWVLETVGK	SCRN1	11	C	5717980	245455	20000	Quantitative
DEAWVLETVGK	SCRN1	12	A	27314930	1198441	40000	Quantitative
DEAWVLETVGK	SCRN1	12	B	27226256	1054910	40000	Quantitative
DEAWVLETVGK	SCRN1	12	C	28351456	1072766	40000	Quantitative
DINELNLPK	UBC12	1	A	283278	26644	19.53125	Non-Quantitative
DINELNLPK	UBC12	1	B	231394	20305	19.53125	Non-Quantitative
DINELNLPK	UBC12	1	C	271593	22483	19.53125	Non-Quantitative
DINELNLPK	UBC12	2	A	318205	27346	39.0625	Non-Quantitative
DINELNLPK	UBC12	2	B	250588	21898	39.0625	Non-Quantitative
DINELNLPK	UBC12	2	C	247832	22037	39.0625	Non-Quantitative
DINELNLPK	UBC12	3	A	258100	19661	78.125	Non-Quantitative
DINELNLPK	UBC12	3	B	267174	18874	78.125	Non-Quantitative
DINELNLPK	UBC12	3	C	222864	17066	78.125	Non-Quantitative
DINELNLPK	UBC12	4	A	1103502	78981	156.25	Non-Quantitative
DINELNLPK	UBC12	4	B	996186	87754	156.25	Non-Quantitative
DINELNLPK	UBC12	4	C	981590	95156	156.25	Non-Quantitative
DINELNLPK	UBC12	5	A	1739719	142911	312.5	Non-Quantitative
DINELNLPK	UBC12	5	B	1530136	129583	312.5	Non-Quantitative
DINELNLPK	UBC12	5	C	1637904	142974	312.5	Non-Quantitative
DINELNLPK	UBC12	6	A	2193775	179130	625	Quantitative
DINELNLPK	UBC12	6	B	1909919	142783	625	Quantitative
DINELNLPK	UBC12	6	C	1620563	118801	625	Quantitative
DINELNLPK	UBC12	7	A	3821033	321046	1250	Quantitative
DINELNLPK	UBC12	7	B	3493599	291817	1250	Quantitative
DINELNLPK	UBC12	7	C	3070312	234665	1250	Quantitative
DINELNLPK	UBC12	8	A	12474276	944590	2500	Quantitative
DINELNLPK	UBC12	8	B	10278386	737634	2500	Quantitative
DINELNLPK	UBC12	8	C	10214167	760866	2500	Quantitative
DINELNLPK	UBC12	9	A	21430272	1521971	5000	Quantitative
DINELNLPK	UBC12	9	B	17208118	1231016	5000	Quantitative
DINELNLPK	UBC12	9	C	16004590	1150898	5000	Quantitative
DINELNLPK	UBC12	10	A	55642464	3503739	10000	Quantitative
DINELNLPK	UBC12	10	B	52553988	4013070	10000	Quantitative
DINELNLPK	UBC12	10	C	52070748	3684984	10000	Quantitative
DINELNLPK	UBC12	11	A	149175488	11305684	20000	Quantitative
DINELNLPK	UBC12	11	B	164269392	11110246	20000	Quantitative
DINELNLPK	UBC12	11	C	119428056	7163952	20000	Quantitative
DINELNLPK	UBC12	12	A	342110784	22177482	40000	Quantitative
DINELNLPK	UBC12	12	B	337575328	24364334	40000	Quantitative
DINELNLPK	UBC12	12	C	418106880	30365320	40000	Quantitative
LGQALTEVYAK	VIGLN	1	A	324219	10848	19.53125	Non-Quantitative
LGQALTEVYAK	VIGLN	1	B	255209	7991	19.53125	Non-Quantitative
LGQALTEVYAK	VIGLN	1	C	244905	9725	19.53125	Non-Quantitative
LGQALTEVYAK	VIGLN	2	A	323278	11244	39.0625	Non-Quantitative
LGQALTEVYAK	VIGLN	2	B	320157	11897	39.0625	Non-Quantitative
LGQALTEVYAK	VIGLN	2	C	340909	12226	39.0625	Non-Quantitative
LGQALTEVYAK	VIGLN	3	A	255317	11039	78.125	Quantitative
LGQALTEVYAK	VIGLN	3	B	316390	12844	78.125	Quantitative
LGQALTEVYAK	VIGLN	3	C	312740	10475	78.125	Quantitative
LGQALTEVYAK	VIGLN	4	A	960012	36683	156.25	Quantitative
LGQALTEVYAK	VIGLN	4	B	1008332	31341	156.25	Quantitative
LGQALTEVYAK	VIGLN	4	C	712982	24443	156.25	Quantitative
LGQALTEVYAK	VIGLN	5	A	1159593	35660	312.5	Quantitative
LGQALTEVYAK	VIGLN	5	B	922575	35127	312.5	Quantitative
LGQALTEVYAK	VIGLN	5	C	972147	36134	312.5	Quantitative
LGQALTEVYAK	VIGLN	6	A	2387248	70070	625	Quantitative
LGQALTEVYAK	VIGLN	6	B	1346713	34111	625	Quantitative
LGQALTEVYAK	VIGLN	6	C	1532537	48514	625	Quantitative
LGQALTEVYAK	VIGLN	7	A	3454419	96799	1250	Quantitative
LGQALTEVYAK	VIGLN	7	B	3333280	117722	1250	Quantitative
LGQALTEVYAK	VIGLN	7	C	2708548	84773	1250	Quantitative
LGQALTEVYAK	VIGLN	8	A	8958530	286972	2500	Quantitative
LGQALTEVYAK	VIGLN	8	B	7242595	233145	2500	Quantitative
LGQALTEVYAK	VIGLN	8	C	6465393	215175	2500	Quantitative
LGQALTEVYAK	VIGLN	9	A	13037398	406253	5000	Quantitative
LGQALTEVYAK	VIGLN	9	B	8476190	233612	5000	Quantitative
LGQALTEVYAK	VIGLN	9	C	7171109	182095	5000	Quantitative
LGQALTEVYAK	VIGLN	10	A	35690020	1005877	10000	Quantitative
LGQALTEVYAK	VIGLN	10	B	29556454	816727	10000	Quantitative
LGQALTEVYAK	VIGLN	10	C	34738612	981396	10000	Quantitative
LGQALTEVYAK	VIGLN	11	A	88751560	2601205	20000	Quantitative
LGQALTEVYAK	VIGLN	11	B	80266616	2154441	20000	Quantitative
LGQALTEVYAK	VIGLN	11	C	75622160	2296205	20000	Quantitative
LGQALTEVYAK	VIGLN	12	A	218173104	6604465	40000	Quantitative
LGQALTEVYAK	VIGLN	12	B	211425680	5556505	40000	Quantitative
LGQALTEVYAK	VIGLN	12	C	254119184	7647385	40000	Quantitative
VTDLQGDLTK	WDR47	1	A	141161	8537	19.53125	Quantitative
VTDLQGDLTK	WDR47	1	B	149948	10410	19.53125	Quantitative
VTDLQGDLTK	WDR47	1	C	164181	9380	19.53125	Quantitative
VTDLQGDLTK	WDR47	2	A	324319	21841	39.0625	Quantitative
VTDLQGDLTK	WDR47	2	B	357636	24428	39.0625	Quantitative
VTDLQGDLTK	WDR47	2	C	342390	22415	39.0625	Quantitative
VTDLQGDLTK	WDR47	3	A	463250	40272	78.125	Quantitative
VTDLQGDLTK	WDR47	3	B	585084	33589	78.125	Quantitative
VTDLQGDLTK	WDR47	3	C	530905	38074	78.125	Quantitative
VTDLQGDLTK	WDR47	4	A	1523253	92496	156.25	Quantitative
VTDLQGDLTK	WDR47	4	B	1545017	102356	156.25	Quantitative
VTDLQGDLTK	WDR47	4	C	1306250	76781	156.25	Quantitative
VTDLQGDLTK	WDR47	5	A	2448168	154938	312.5	Quantitative
VTDLQGDLTK	WDR47	5	B	2646424	173275	312.5	Quantitative
VTDLQGDLTK	WDR47	5	C	2646996	149712	312.5	Quantitative
VTDLQGDLTK	WDR47	6	A	5970683	311994	625	Quantitative
VTDLQGDLTK	WDR47	6	B	5214170	323539	625	Quantitative
VTDLQGDLTK	WDR47	6	C	4805775	289673	625	Quantitative
VTDLQGDLTK	WDR47	7	A	10525702	522978	1250	Quantitative
VTDLQGDLTK	WDR47	7	B	9067608	524750	1250	Quantitative
VTDLQGDLTK	WDR47	7	C	8995371	506125	1250	Quantitative
VTDLQGDLTK	WDR47	8	A	22934840	1228964	2500	Quantitative
VTDLQGDLTK	WDR47	8	B	19963786	1004207	2500	Quantitative
VTDLQGDLTK	WDR47	8	C	21941058	1102905	2500	Quantitative
VTDLQGDLTK	WDR47	9	A	32455138	1572234	5000	Quantitative
VTDLQGDLTK	WDR47	9	B	28550636	1434119	5000	Quantitative
VTDLQGDLTK	WDR47	9	C	33942176	1727133	5000	Quantitative
VTDLQGDLTK	WDR47	10	A	88373248	4540085	10000	Quantitative
VTDLQGDLTK	WDR47	10	B	67582768	3333026	10000	Quantitative
VTDLQGDLTK	WDR47	10	C	76743168	3662616	10000	Quantitative
VTDLQGDLTK	WDR47	11	A	170198112	8299852	20000	Quantitative
VTDLQGDLTK	WDR47	11	B	176395600	9630793	20000	Quantitative
VTDLQGDLTK	WDR47	11	C	135692080	7110203	20000	Quantitative
VTDLQGDLTK	WDR47	12	A	287882880	17286708	40000	Quantitative
VTDLQGDLTK	WDR47	12	B	321082400	15266850	40000	Quantitative
VTDLQGDLTK	WDR47	12	C	318998624	16562530	40000	Quantitative
